dataset,protected_attribute,model,constraint,mitigation,seed,accuracy,abs_spd,abs_eod,cfs,runtime_seconds,status,error
acs_income_ca_2018,age_group,xgboost,DP,ExponentiatedGradient_DP,42,0.7644,0.06332044624258598,0.034836050125071405,[0.24536528],8.923782700000002,success,
acs_income_ca_2018,age_group,xgboost,DP,ExponentiatedGradient_DP,43,0.7576,0.045775212226841167,0.02012259908168479,[0.24971266],13.542009399999998,success,
acs_income_ca_2018,age_group,xgboost,DP,ExponentiatedGradient_DP,44,0.758,0.05179362155651529,0.027725578606590418,[0.24712834],14.9641102,success,
acs_income_ca_2018,age_group,xgboost,DP,ExponentiatedGradient_DP,45,0.7623,0.047496768777434195,0.006150005213341525,[0.24404182],11.465319300000004,success,
acs_income_ca_2018,age_group,xgboost,DP,ExponentiatedGradient_DP,46,0.7587,0.06821430414566176,0.013637822031982605,[0.2389859],13.4584641,success,
acs_income_ca_2018,age_group,xgboost,DP,ExponentiatedGradient_DP,47,0.7555,0.04557186575825284,0.026446145562656564,[0.25061037],13.035402699999992,success,
acs_income_ca_2018,age_group,xgboost,DP,ExponentiatedGradient_DP,48,0.7611,0.06533326926548766,0.024789946394763285,[0.24109674],12.188908400000003,success,
acs_income_ca_2018,age_group,xgboost,DP,ExponentiatedGradient_DP,49,0.763,0.05045545816198638,0.012287403340865088,[0.24572096],11.56044270000001,success,
acs_income_ca_2018,age_group,xgboost,DP,ExponentiatedGradient_DP,50,0.7607,0.057994987601375336,0.03236518207740091,[0.24616729],13.934055,success,
acs_income_ca_2018,age_group,xgboost,DP,ExponentiatedGradient_DP,51,0.7645,0.03472257801973272,0.006922111019474042,[0.25369639],16.811466499999995,success,
acs_income_ca_2018,age_group,xgboost,DP,ExponentiatedGradient_DP,52,0.7588,0.056893752469194425,0.012405471472408558,[0.24263752],26.768014900000026,success,
acs_income_ca_2018,age_group,xgboost,DP,ExponentiatedGradient_DP,53,0.7503,0.05804514193560506,0.026474337470647424,[0.24473544],16.780061999999987,success,
acs_income_ca_2018,age_group,xgboost,DP,ExponentiatedGradient_DP,54,0.7595,0.04735603176008735,0.006252259520037495,[0.24524181],19.78622710000002,success,
acs_income_ca_2018,age_group,xgboost,DP,ExponentiatedGradient_DP,55,0.7558,0.060095325527874555,0.014202785516972405,[0.24020423],24.825118499999974,success,
acs_income_ca_2018,age_group,xgboost,DP,ExponentiatedGradient_DP,56,0.7637,0.06619559591979829,0.03177568548109688,[0.24163969],19.422340099999985,success,
acs_income_ca_2018,age_group,xgboost,DP,ExponentiatedGradient_DP,57,0.7546,0.04730046167593743,0.008966288168500314,[0.24578403],12.73223489999998,success,
acs_income_ca_2018,age_group,xgboost,DP,ExponentiatedGradient_DP,58,0.7562,0.03940987367719412,0.004158869880694582,[0.24981252],12.059576300000003,success,
acs_income_ca_2018,age_group,xgboost,DP,ExponentiatedGradient_DP,59,0.7545,0.041864178819710385,0.00479898170755344,[0.250042],12.184070200000008,success,
acs_income_ca_2018,age_group,xgboost,DP,ExponentiatedGradient_DP,60,0.7608,0.042028423122620784,0.021756224110190736,[0.25445328],13.953476899999998,success,
acs_income_ca_2018,age_group,xgboost,DP,ExponentiatedGradient_DP,61,0.7556,0.04488683761543649,0.010076484085426829,[0.24694915],19.3382206,success,
acs_income_ca_2018,age_group,xgboost,DP,ExponentiatedGradient_DP,62,0.7654,0.05488717870281673,0.022281656455025667,[0.24518824],18.946027900000104,success,
acs_income_ca_2018,age_group,xgboost,DP,ExponentiatedGradient_DP,63,0.7575,0.05916414021535077,0.013813011943853093,[0.24093753],19.31704119999995,success,
acs_income_ca_2018,age_group,xgboost,DP,ExponentiatedGradient_DP,64,0.7605,0.055034516795003874,0.023705103293716556,[0.24654186],22.84692419999999,success,
acs_income_ca_2018,age_group,xgboost,DP,ExponentiatedGradient_DP,65,0.7573,0.04736136120462431,0.005717710989934788,[0.24571026],21.851207599999952,success,
acs_income_ca_2018,age_group,xgboost,DP,ExponentiatedGradient_DP,66,0.7533,0.042142888748804286,0.00244016615159115,[0.24826741],21.329886099999953,success,
acs_income_ca_2018,age_group,xgboost,DP,ExponentiatedGradient_DP,67,0.7612,0.03595163880894969,0.001371046189133418,[0.25076131],16.923589600000014,success,
acs_income_ca_2018,age_group,xgboost,DP,ExponentiatedGradient_DP,68,0.764,0.06293525472868505,0.013003171526973056,[0.23998462],13.712977499999965,success,
acs_income_ca_2018,age_group,xgboost,DP,ExponentiatedGradient_DP,69,0.7543,0.046028738433843586,0.021377306183637867,[0.24891455],12.033027999999945,success,
acs_income_ca_2018,age_group,xgboost,DP,ExponentiatedGradient_DP,70,0.7579,0.020584936085325634,0.007612666765091203,[0.26111485],26.84713629999999,success,
acs_income_ca_2018,age_group,xgboost,DP,ExponentiatedGradient_DP,71,0.7552,0.0495445839186851,0.008005044527411465,[0.24439835],39.479780300000016,success,
acs_income_ca_2018,age_group,xgboost,EO,ExponentiatedGradient_EO,42,0.8062,0.17796273554480957,0.08834099040892851,[0.23686031],54.2005279,success,
acs_income_ca_2018,age_group,xgboost,EO,ExponentiatedGradient_EO,43,0.8097,0.1597381255905435,0.05161694618974588,[0.22805844],51.25161469999989,success,
acs_income_ca_2018,age_group,xgboost,EO,ExponentiatedGradient_EO,44,0.8006,0.15628950114598944,0.06961120627593398,[0.23207404],56.63500729999987,success,
acs_income_ca_2018,age_group,xgboost,EO,ExponentiatedGradient_EO,45,0.8062,0.15588681372618418,0.05470822665291886,[0.22699917],42.75479159999986,success,
acs_income_ca_2018,age_group,xgboost,EO,ExponentiatedGradient_EO,46,0.8044,0.17519168166934757,0.049257919695875896,[0.22404503],49.02300319999995,success,
acs_income_ca_2018,age_group,xgboost,EO,ExponentiatedGradient_EO,47,0.8043,0.15697982888863238,0.050848608282416885,[0.22584343],58.89836429999991,success,
acs_income_ca_2018,age_group,xgboost,EO,ExponentiatedGradient_EO,48,0.8069,0.17855227662287682,0.06121963367538019,[0.22862703],52.03960340000003,success,
acs_income_ca_2018,age_group,xgboost,EO,ExponentiatedGradient_EO,49,0.8066,0.1602198272067608,0.06892244973814055,[0.23168532],43.14801659999989,success,
acs_income_ca_2018,age_group,xgboost,EO,ExponentiatedGradient_EO,50,0.8066,0.16985432913479076,0.074085652704039,[0.23215195],59.197114400000146,success,
acs_income_ca_2018,age_group,xgboost,EO,ExponentiatedGradient_EO,51,0.8097,0.14533016659212228,0.03548937877538283,[0.22151423],45.23694990000013,success,
acs_income_ca_2018,age_group,xgboost,EO,ExponentiatedGradient_EO,52,0.8041,0.16135223468603893,0.0564976335361731,[0.22767869],45.35120889999985,success,
acs_income_ca_2018,age_group,xgboost,EO,ExponentiatedGradient_EO,53,0.7936,0.1602454188569481,0.04720772298632081,[0.22729614],53.21351660000005,success,
acs_income_ca_2018,age_group,xgboost,EO,ExponentiatedGradient_EO,54,0.8058,0.15449702014388106,0.0451995345867513,[0.22565489],57.561193499999945,success,
acs_income_ca_2018,age_group,xgboost,EO,ExponentiatedGradient_EO,55,0.7992,0.17249560890543325,0.056187195755741604,[0.2281246],40.916683699999794,success,
acs_income_ca_2018,age_group,xgboost,EO,ExponentiatedGradient_EO,56,0.8043,0.1676747525000417,0.07150156686033549,[0.23206723],68.78941840000016,success,
acs_income_ca_2018,age_group,xgboost,EO,ExponentiatedGradient_EO,57,0.8032,0.15209568838273346,0.031546155203859505,[0.2216568],50.051872900000035,success,
acs_income_ca_2018,age_group,xgboost,EO,ExponentiatedGradient_EO,58,0.8004,0.15543336422361775,0.03557261698683134,[0.22345112],89.18641409999964,success,
acs_income_ca_2018,age_group,xgboost,EO,ExponentiatedGradient_EO,59,0.801,0.15788678119684302,0.03627909060961898,[0.22018122],53.588883500000065,success,
acs_income_ca_2018,age_group,xgboost,EO,ExponentiatedGradient_EO,60,0.8032,0.14539779378275086,0.01312011158915627,[0.21603108],42.49303169999985,success,
acs_income_ca_2018,age_group,xgboost,EO,ExponentiatedGradient_EO,61,0.8071,0.16481465179353677,0.05637994940283575,[0.22814749],53.03416619999962,success,
acs_income_ca_2018,age_group,xgboost,EO,ExponentiatedGradient_EO,62,0.8113,0.1477728896151813,0.04612324077663221,[0.22628897],44.88038910000023,success,
acs_income_ca_2018,age_group,xgboost,EO,ExponentiatedGradient_EO,63,0.8028,0.1655556124981119,0.06458280710617159,[0.22992782],42.7203399,success,
acs_income_ca_2018,age_group,xgboost,EO,ExponentiatedGradient_EO,64,0.8026,0.1629779332244492,0.057895740698797216,[0.22833312],46.728866299999936,success,
acs_income_ca_2018,age_group,xgboost,EO,ExponentiatedGradient_EO,65,0.8049,0.15906782536078712,0.037466594336654,[0.2225187],46.58847969999988,success,
acs_income_ca_2018,age_group,xgboost,EO,ExponentiatedGradient_EO,66,0.8006,0.16424288146109234,0.03736322859642327,[0.22177241],44.41895710000017,success,
acs_income_ca_2018,age_group,xgboost,EO,ExponentiatedGradient_EO,67,0.8074,0.1529697952768092,0.036562208656348405,[0.22300259],43.635438299999805,success,
acs_income_ca_2018,age_group,xgboost,EO,ExponentiatedGradient_EO,68,0.8066,0.16948976556868822,0.04269434026568619,[0.223668],43.06570640000018,success,
acs_income_ca_2018,age_group,xgboost,EO,ExponentiatedGradient_EO,69,0.8034,0.15871504909326417,0.049490376028330174,[0.22551939],54.29940429999988,success,
acs_income_ca_2018,age_group,xgboost,EO,ExponentiatedGradient_EO,70,0.8055,0.13848276280624766,0.03130250771577814,[0.22284937],47.068671300000005,success,
acs_income_ca_2018,age_group,xgboost,EO,ExponentiatedGradient_EO,71,0.8001,0.15466163159010166,0.0349478262198365,[0.22332491],39.25444789999983,success,
adult,sex,xgboost,DP,ExponentiatedGradient_DP,42,0.8524489482573315,0.019477942022439354,0.31981424148606813,[0.35062433],37.418231300000116,success,
adult,sex,xgboost,DP,ExponentiatedGradient_DP,43,0.8493781667434362,0.0074289287014924765,0.343887200270179,[0.37577726],35.289148999999725,success,
adult,sex,xgboost,DP,ExponentiatedGradient_DP,44,0.852141870105942,0.014310791231213704,0.2971907653849908,[0.34984371],30.832442199999605,success,
adult,sex,xgboost,DP,ExponentiatedGradient_DP,45,0.8510670965760786,0.01908772738439171,0.3041037758595746,[0.34626164],34.900810999999976,success,
adult,sex,xgboost,DP,ExponentiatedGradient_DP,46,0.8519883310302472,0.027207244593973695,0.26832452794049577,[0.32269386],31.018895200000316,success,
adult,sex,xgboost,DP,ExponentiatedGradient_DP,47,0.8506064793489944,0.01924169450755045,0.3156093470229596,[0.34965],39.843523800000185,success,
adult,sex,xgboost,DP,ExponentiatedGradient_DP,48,0.8530631045601106,0.020372362864703397,0.2910257028499783,[0.34021258],30.95325469999989,success,
adult,sex,xgboost,DP,ExponentiatedGradient_DP,49,0.8398587440503608,0.011813247152583861,0.34117647058823536,[0.37015171],30.690666599999986,success,
adult,sex,xgboost,DP,ExponentiatedGradient_DP,50,0.8519883310302472,0.014000754419875167,0.32032836412262894,[0.3580228],34.85940099999971,success,
adult,sex,xgboost,DP,ExponentiatedGradient_DP,51,0.8535237217871948,0.028179890637205662,0.3067331255105272,[0.33559026],31.154407300000003,success,
adult,sex,xgboost,DP,ExponentiatedGradient_DP,52,0.852141870105942,0.023418864436746317,0.2849393382090871,[0.33602564],35.08580720000009,success,
adult,sex,xgboost,DP,ExponentiatedGradient_DP,53,0.8522954091816367,0.018723703250133283,0.2946975648075413,[0.34390977],31.010353399999985,success,
adult,sex,xgboost,DP,ExponentiatedGradient_DP,54,0.8512206356517734,0.023180931860982773,0.24422229657262035,[0.31698115],31.451751500000228,success,
adult,sex,xgboost,DP,ExponentiatedGradient_DP,55,0.8479963150621833,0.003585104903777142,0.3439564121614731,[0.38096701],30.990234500000042,success,
adult,sex,xgboost,DP,ExponentiatedGradient_DP,56,0.8438507600184247,0.003610363382275661,0.29731990209463366,[0.36318481],36.343580100000054,success,
adult,sex,xgboost,DP,ExponentiatedGradient_DP,57,0.8522954091816367,0.029549269081809937,0.3211118755828127,[0.33993337],30.99810720000005,success,
adult,sex,xgboost,DP,ExponentiatedGradient_DP,58,0.8483033932135728,0.027046478631408993,0.30180623973727416,[0.3335104],30.91159549999975,success,
adult,sex,xgboost,DP,ExponentiatedGradient_DP,59,0.8427759864885613,0.020295828678624867,0.275789671702157,[0.33368969],31.948727199999666,success,
adult,sex,xgboost,DP,ExponentiatedGradient_DP,60,0.8460003070781514,0.021884968906753677,0.33059157637485576,[0.35154308],31.314564300000256,success,
adult,sex,xgboost,DP,ExponentiatedGradient_DP,61,0.8499923230462153,0.0169650747276133,0.3663461538461539,[0.3719654],35.581274399999984,success,
adult,sex,xgboost,DP,ExponentiatedGradient_DP,62,0.8458467680024566,0.025631839957291985,0.29006370480681726,[0.33392978],35.55380289999994,success,
adult,sex,xgboost,DP,ExponentiatedGradient_DP,63,0.8549055734684478,0.015934764933760587,0.2829443125308006,[0.34169051],35.8448171,success,
adult,sex,xgboost,DP,ExponentiatedGradient_DP,64,0.8464609243052357,0.002065773620758604,0.33515747185895745,[0.37924937],40.043340799999896,success,
adult,sex,xgboost,DP,ExponentiatedGradient_DP,65,0.8484569322892677,0.004513478279912275,0.3298734373786785,[0.37429177],32.071194500000274,success,
adult,sex,xgboost,DP,ExponentiatedGradient_DP,66,0.8487640104406572,0.021876562425043572,0.2875604242039458,[0.33778317],32.178421399999934,success,
adult,sex,xgboost,DP,ExponentiatedGradient_DP,67,0.8498387839705205,0.01755800525342832,0.3072924849437026,[0.34912932],35.77387960000033,success,
adult,sex,xgboost,DP,ExponentiatedGradient_DP,68,0.8464609243052357,0.012435864868481944,0.30320150659133716,[0.35380239],31.69546040000023,success,
adult,sex,xgboost,DP,ExponentiatedGradient_DP,69,0.8513741747274681,0.0041641286233206065,0.35845081834386644,[0.38519301],35.536751299999196,success,
adult,sex,xgboost,DP,ExponentiatedGradient_DP,70,0.849531705819131,0.025476778338599432,0.28587118996555533,[0.33167388],35.9299689999998,success,
adult,sex,xgboost,DP,ExponentiatedGradient_DP,71,0.8493781667434362,0.008976208318920514,0.3327649662240857,[0.36779809],31.32746009999937,success,
adult,sex,xgboost,EO,ExponentiatedGradient_EO,42,0.865806847842776,0.13261685209884225,0.007916850950906662,[0.13865844],40.561855599999944,success,
adult,sex,xgboost,EO,ExponentiatedGradient_EO,43,0.8647320743129127,0.09840921469478257,0.06366092536305301,[0.17880057],47.33700610000051,success,
adult,sex,xgboost,EO,ExponentiatedGradient_EO,44,0.8671886995240289,0.12897898251901133,0.012328771436037389,[0.147033],44.974132700000155,success,
adult,sex,xgboost,EO,ExponentiatedGradient_EO,45,0.8630431444802702,0.1285585350761969,0.004603687450772442,[0.14381788],41.48629059999985,success,
adult,sex,xgboost,EO,ExponentiatedGradient_EO,46,0.8668816213726394,0.11851525629000395,0.016599894654514613,[0.14414477],45.6598640000002,success,
adult,sex,xgboost,EO,ExponentiatedGradient_EO,47,0.862582527253186,0.12945994921822795,0.0001586546089163976,[0.13671173],50.14699479999945,success,
adult,sex,xgboost,EO,ExponentiatedGradient_EO,48,0.8681099339781975,0.12494449818260844,0.03088521322595683,[0.15381388],46.576044000000365,success,
adult,sex,xgboost,EO,ExponentiatedGradient_EO,49,0.8592046675879011,0.10520267276086862,0.06470588235294117,[0.17124521],47.451834399999825,success,
adult,sex,xgboost,EO,ExponentiatedGradient_EO,50,0.8653462306156917,0.12189956848702106,0.007911940963795772,[0.14621276],46.019436499999756,success,
adult,sex,xgboost,EO,ExponentiatedGradient_EO,51,0.872255489021956,0.13146938320021684,0.0330071515495024,[0.14219386],46.215957499999604,success,
adult,sex,xgboost,EO,ExponentiatedGradient_EO,52,0.8621219100261016,0.12124416513857171,0.008518312589994803,[0.14698272],50.85826470000029,success,
adult,sex,xgboost,EO,ExponentiatedGradient_EO,53,0.8659603869184708,0.12677069330426616,0.001361612987693106,[0.14372286],45.01551250000011,success,
adult,sex,xgboost,EO,ExponentiatedGradient_EO,54,0.8630431444802702,0.11606234399791805,0.0325383747072453,[0.15551228],46.74158820000048,success,
adult,sex,xgboost,EO,ExponentiatedGradient_EO,55,0.8651926915399969,0.0999282227424925,0.10059000917792049,[0.19301684],51.25149329999931,success,
adult,sex,xgboost,EO,ExponentiatedGradient_EO,56,0.8595117457392907,0.12252976971000223,0.017662324883460645,[0.14903359],51.34828870000001,success,
adult,sex,xgboost,EO,ExponentiatedGradient_EO,57,0.8670351604483341,0.13283441777542945,0.04258767074009784,[0.14722038],46.03812359999938,success,
adult,sex,xgboost,EO,ExponentiatedGradient_EO,58,0.8661139259941655,0.13219084163341113,0.015510925855753421,[0.13186742],46.250192499999685,success,
adult,sex,xgboost,EO,ExponentiatedGradient_EO,59,0.855366190695532,0.12100836793626035,0.01779721653951971,[0.14221307],46.154762299999675,success,
adult,sex,xgboost,EO,ExponentiatedGradient_EO,60,0.8644249961615231,0.12552262820048882,0.06723058852997821,[0.16058567],50.42940659999931,success,
adult,sex,xgboost,EO,ExponentiatedGradient_EO,61,0.8651926915399969,0.12155185073542482,0.06148190045248869,[0.16035812],46.779301999999916,success,
adult,sex,xgboost,EO,ExponentiatedGradient_EO,62,0.8601259020420697,0.12466203315236063,0.014044841565318156,[0.14364119],51.40876380000009,success,
adult,sex,xgboost,EO,ExponentiatedGradient_EO,63,0.8659603869184708,0.12409010473958582,0.014655854725744155,[0.14644044],50.5446409999995,success,
adult,sex,xgboost,EO,ExponentiatedGradient_EO,64,0.8644249961615231,0.11565434844073573,0.00023595821724498034,[0.14688638],36.630211800000325,success,
adult,sex,xgboost,EO,ExponentiatedGradient_EO,65,0.8621219100261016,0.11488678141818866,0.034642441183321604,[0.15678796],45.06635300000016,success,
adult,sex,xgboost,EO,ExponentiatedGradient_EO,66,0.8613542146476278,0.1231124306403211,0.029426881254471904,[0.14662438],40.438922499999535,success,
adult,sex,xgboost,EO,ExponentiatedGradient_EO,67,0.8607400583448488,0.11773755034103192,0.028214192196910237,[0.15382321],45.82901630000015,success,
adult,sex,xgboost,EO,ExponentiatedGradient_EO,68,0.8639643789344388,0.12837308809326328,0.010637756400468268,[0.14066804],45.50230139999985,success,
adult,sex,xgboost,EO,ExponentiatedGradient_EO,69,0.8639643789344388,0.10618549265415966,0.07075277663512958,[0.17336741],40.45147030000044,success,
adult,sex,xgboost,EO,ExponentiatedGradient_EO,70,0.8607400583448488,0.1349418747046414,0.06883083122116074,[0.16231053],49.47643919999973,success,
adult,sex,xgboost,EO,ExponentiatedGradient_EO,71,0.8671886995240289,0.11440744293489735,0.07503998757667518,[0.17135464],41.55069989999993,success,
bank_uci,age_group,xgboost,DP,ExponentiatedGradient_DP,42,0.8991260014566642,0.019158114241321505,0.019112627986348135,[0.09073537],35.99431810000078,success,
bank_uci,age_group,xgboost,DP,ExponentiatedGradient_DP,43,0.9011896091284293,0.026635504538390687,0.025975609756097556,[0.01860484],31.361421700000392,success,
bank_uci,age_group,xgboost,DP,ExponentiatedGradient_DP,44,0.8970623937848993,0.024033330938059632,0.03220124344014966,[0.06309327],31.1298455999995,success,
bank_uci,age_group,xgboost,DP,ExponentiatedGradient_DP,45,0.898154891964069,0.03440381397580211,0.0528063573928374,[0.13120415],31.16181669999969,success,
bank_uci,age_group,xgboost,DP,ExponentiatedGradient_DP,46,0.8992473901432386,0.030282495226052298,0.0069691505433988055,[0.04370104],30.300475899999583,success,
bank_uci,age_group,xgboost,DP,ExponentiatedGradient_DP,47,0.8948773974265598,0.023136798630746577,0.0035576138725889883,[0.03325831],30.467961899999864,success,
bank_uci,age_group,xgboost,DP,ExponentiatedGradient_DP,48,0.8970623937848993,0.023474686031559586,0.0056426332288401215,[0.04015804],31.54637729999922,success,
bank_uci,age_group,xgboost,DP,ExponentiatedGradient_DP,49,0.8994901675163874,0.018559030566695386,0.049847045396509415,[0.09100851],30.412655099999938,success,
bank_uci,age_group,xgboost,DP,ExponentiatedGradient_DP,50,0.899368778829813,0.026124016377519068,0.009161500539534073,[0.04241987],30.761324199999763,success,
bank_uci,age_group,xgboost,DP,ExponentiatedGradient_DP,51,0.8948773974265598,0.014960814952707482,0.028881581347355467,[0.14203534],30.345660200000566,success,
bank_uci,age_group,xgboost,DP,ExponentiatedGradient_DP,52,0.8973051711580481,0.021241031736490012,0.003025816004635279,[0.07509766],30.13261799999964,success,
bank_uci,age_group,xgboost,DP,ExponentiatedGradient_DP,53,0.8956057295460063,0.025723895548616003,0.004408587250509355,[0.01877366],34.51840119999997,success,
bank_uci,age_group,xgboost,DP,ExponentiatedGradient_DP,54,0.8956057295460063,0.01796608452707656,0.003487198791243845,[0.06368155],35.21660419999989,success,
bank_uci,age_group,xgboost,DP,ExponentiatedGradient_DP,55,0.8980335032774945,0.03599125374193851,0.011347631670549169,[0.08070293],30.134103100000175,success,
bank_uci,age_group,xgboost,DP,ExponentiatedGradient_DP,56,0.8974265598446225,0.031036859397928086,0.02381360554819606,[0.04301965],34.221335199999885,success,
bank_uci,age_group,xgboost,DP,ExponentiatedGradient_DP,57,0.9033746054867686,0.02545170970311756,0.025856813780230553,[0.05372519],34.06715120000081,success,
bank_uci,age_group,xgboost,DP,ExponentiatedGradient_DP,58,0.8998543335761107,0.031173434754315357,0.028843736908253037,[0.0620213],29.54073210000024,success,
bank_uci,age_group,xgboost,DP,ExponentiatedGradient_DP,59,0.898761835396941,0.01921584120837638,0.03439463762044406,[0.09420215],33.91378840000016,success,
bank_uci,age_group,xgboost,DP,ExponentiatedGradient_DP,60,0.8968196164117505,0.018344997202401892,0.02239859917555645,[0.09243732],33.772333300000355,success,
bank_uci,age_group,xgboost,DP,ExponentiatedGradient_DP,61,0.8970623937848993,0.022090258188933592,0.05909241333664267,[0.09352353],29.945760300000074,success,
bank_uci,age_group,xgboost,DP,ExponentiatedGradient_DP,62,0.8973051711580481,0.017016697655078065,0.028681946162145117,[0.11138497],30.71020580000004,success,
bank_uci,age_group,xgboost,DP,ExponentiatedGradient_DP,63,0.8979121145909201,0.01571724949615179,0.035754286206599484,[0.14354577],29.228453400000035,success,
bank_uci,age_group,xgboost,DP,ExponentiatedGradient_DP,64,0.8994901675163874,0.031216416121191342,0.0024951025878956756,[0.03311254],30.178020000000288,success,
bank_uci,age_group,xgboost,DP,ExponentiatedGradient_DP,65,0.8986404467103666,0.025860165533041754,0.007210296036639974,[0.01763691],35.35515260000011,success,
bank_uci,age_group,xgboost,DP,ExponentiatedGradient_DP,66,0.896698227725176,0.03506405526715679,0.03300679178215518,[0.10656456],30.275829300000623,success,
bank_uci,age_group,xgboost,DP,ExponentiatedGradient_DP,67,0.8999757222626851,0.02369185335525427,0.013819513819513823,[0.04303591],29.81297000000086,success,
bank_uci,age_group,xgboost,DP,ExponentiatedGradient_DP,68,0.9004612770089827,0.02456095931528638,0.0017511446702546396,[0.04542844],38.48198219999995,success,
bank_uci,age_group,xgboost,DP,ExponentiatedGradient_DP,69,0.9009468317552805,0.018118589719608297,0.027991308447614938,[0.1039691],29.279581400000097,success,
bank_uci,age_group,xgboost,DP,ExponentiatedGradient_DP,70,0.898761835396941,0.018126755438630487,0.04438653098370149,[0.10294212],29.22009530000014,success,
bank_uci,age_group,xgboost,DP,ExponentiatedGradient_DP,71,0.8970623937848993,0.028047583977092456,0.02489067412887802,[0.02791716],29.754677900000388,success,
bank_uci,age_group,xgboost,EO,ExponentiatedGradient_EO,42,0.9007040543821316,0.033074375434435956,0.003611835210018538,[0.02120058],39.31594419999965,success,
bank_uci,age_group,xgboost,EO,ExponentiatedGradient_EO,43,0.9021607186210245,0.04455805637045062,0.03577235772357726,[0.11110653],45.5922886999997,success,
bank_uci,age_group,xgboost,EO,ExponentiatedGradient_EO,44,0.8990046127700898,0.04473413166396846,0.006123395540083482,[0.09787227],40.08943890000046,success,
bank_uci,age_group,xgboost,EO,ExponentiatedGradient_EO,45,0.8985190580237922,0.06289326689054786,0.11892745309580827,[0.35529305],41.53617430000031,success,
bank_uci,age_group,xgboost,EO,ExponentiatedGradient_EO,46,0.9011896091284293,0.04707847948037772,0.054020393023268415,[0.14187374],43.49893220000013,success,
bank_uci,age_group,xgboost,EO,ExponentiatedGradient_EO,47,0.8949987861131342,0.054433980441357194,0.0714206773149488,[0.23094256],42.714438599999994,success,
bank_uci,age_group,xgboost,EO,ExponentiatedGradient_EO,48,0.8980335032774945,0.04356022449407067,0.0730407523510972,[0.11186142],33.601371599999766,success,
bank_uci,age_group,xgboost,EO,ExponentiatedGradient_EO,49,0.9009468317552805,0.04322814507991945,0.028735662134485418,[0.12668069],43.37770829999954,success,
bank_uci,age_group,xgboost,EO,ExponentiatedGradient_EO,50,0.9003398883224083,0.056116121095446156,0.07483655290607874,[0.20134004],45.57814870000038,success,
bank_uci,age_group,xgboost,EO,ExponentiatedGradient_EO,51,0.896091284292304,0.041240960420256476,0.040080880935133706,[0.08066476],53.670410800000354,success,
bank_uci,age_group,xgboost,EO,ExponentiatedGradient_EO,52,0.8983976693372178,0.04256534045934221,0.05444322839545915,[0.09919673],33.558362200000374,success,
bank_uci,age_group,xgboost,EO,ExponentiatedGradient_EO,53,0.8992473901432386,0.054524137313499664,0.0724363218320015,[0.22951413],43.75192479999987,success,
bank_uci,age_group,xgboost,EO,ExponentiatedGradient_EO,54,0.8970623937848993,0.03223124928040202,0.014874183749758213,[0.05162863],44.35690900000009,success,
bank_uci,age_group,xgboost,EO,ExponentiatedGradient_EO,55,0.8999757222626851,0.05684063192719042,0.08957613730687872,[0.21692059],44.32966160000069,success,
bank_uci,age_group,xgboost,EO,ExponentiatedGradient_EO,56,0.8973051711580481,0.05242221059387487,0.08266188732174864,[0.20986962],45.136120899999696,success,
bank_uci,age_group,xgboost,EO,ExponentiatedGradient_EO,57,0.9041029376062151,0.05027462235048486,0.04465196070497984,[0.15414195],44.4362457999996,success,
bank_uci,age_group,xgboost,EO,ExponentiatedGradient_EO,58,0.902282107307599,0.051602528827495935,0.07943024717218264,[0.18550124],44.11102279999977,success,
bank_uci,age_group,xgboost,EO,ExponentiatedGradient_EO,59,0.899368778829813,0.04458420890615358,0.035588604943443625,[0.10975143],48.440487900000335,success,
bank_uci,age_group,xgboost,EO,ExponentiatedGradient_EO,60,0.8982762806506434,0.04415770666174443,0.010933518164336298,[0.08525996],52.597093099999256,success,
bank_uci,age_group,xgboost,EO,ExponentiatedGradient_EO,61,0.8964554503520272,0.04329456716656151,0.003578224538760666,[0.06661921],41.97086080000008,success,
bank_uci,age_group,xgboost,EO,ExponentiatedGradient_EO,62,0.9007040543821316,0.038029219051024674,0.031087019445833225,[0.06496948],43.946934800000236,success,
bank_uci,age_group,xgboost,EO,ExponentiatedGradient_EO,63,0.8996115562029618,0.03852781516159066,0.033406565003876953,[0.03706319],40.30610750000051,success,
bank_uci,age_group,xgboost,EO,ExponentiatedGradient_EO,64,0.9014323865015781,0.05326288698265278,0.046551190844416945,[0.17449269],27.056207799999356,success,
bank_uci,age_group,xgboost,EO,ExponentiatedGradient_EO,65,0.9005826656955572,0.052555064731027015,0.054473812143387146,[0.24332011],38.63610510000035,success,
bank_uci,age_group,xgboost,EO,ExponentiatedGradient_EO,66,0.8971837824714737,0.054873536412905044,0.1129424708545797,[0.25778211],40.81663659999958,success,
bank_uci,age_group,xgboost,EO,ExponentiatedGradient_EO,67,0.9015537751881525,0.03872117937497703,0.04199966699966701,[0.08231137],23.30079560000013,success,
bank_uci,age_group,xgboost,EO,ExponentiatedGradient_EO,68,0.9014323865015781,0.03938450924017857,0.04122954989691274,[0.05613914],32.264943299999686,success,
bank_uci,age_group,xgboost,EO,ExponentiatedGradient_EO,69,0.9027676620538966,0.03702779973945279,0.02819629789065861,[0.06193967],31.84334740000031,success,
bank_uci,age_group,xgboost,EO,ExponentiatedGradient_EO,70,0.9016751638747269,0.044523703432834565,0.05135682965169189,[0.13360657],24.672747000000527,success,
bank_uci,age_group,xgboost,EO,ExponentiatedGradient_EO,71,0.898154891964069,0.0528056640214095,0.04064289291485748,[0.18040879],33.90773799999988,success,
