analysis,dataset,evaluation_cells,model,condition_id,mitigation,eo_protected_attribute,eo_protected_column,seed,accuracy,f1,sex_abs_spd,sex_abs_eod,race_abs_spd,race_abs_eod,marginal_abs_spd,marginal_abs_eod,subgroup_pr_gap,subgroup_tpr_gap,subgroup_fpr_gap,n_cells,min_cell_n,cfs_sex,runtime_seconds,status,error
optional_subgroup_mitigation_sensitivity,adult,sex_binary x race_binary,logistic_regression,baseline,baseline,,,42,0.8475356978350991,0.6489925768822905,0.1719635925122615,0.07103051747014588,0.07386408083245846,0.06462497707683845,0.1719635925122615,0.07103051747014588,0.19517131866165682,0.16643304568750272,0.07736586235855686,4,414,0.25073890389215825,0.9025133000000007,success,
optional_subgroup_mitigation_sensitivity,adult,sex_binary x race_binary,logistic_regression,baseline,baseline,,,43,0.8515277138031629,0.6569705569350834,0.15730082149751684,0.055893279297534626,0.06076643164118348,0.034684390208469584,0.15730082149751684,0.055893279297534626,0.19301113976411452,0.19577092511013217,0.0831139003334307,4,395,0.23031650634174822,0.6809648999999993,success,
optional_subgroup_mitigation_sensitivity,adult,sex_binary x race_binary,logistic_regression,baseline,baseline,,,44,0.8518347919545525,0.6627053477804964,0.18458882382695618,0.14561550982114468,0.09574642993182472,0.028819444444444398,0.18458882382695618,0.14561550982114468,0.24126082654485817,0.1999064765022212,0.09680362962731573,4,418,0.28854713245801766,0.644540000000001,success,
optional_subgroup_mitigation_sensitivity,adult,sex_binary x race_binary,logistic_regression,baseline,baseline,,,45,0.8464609243052357,0.6510816468946268,0.17485207284353613,0.09900821398145021,0.09300101607793916,0.13597851423938379,0.17485207284353613,0.13597851423938379,0.21678443984759946,0.26405379846590316,0.0775555622087163,4,412,0.2603548375863223,0.4993837999999986,success,
optional_subgroup_mitigation_sensitivity,adult,sex_binary x race_binary,logistic_regression,baseline,baseline,,,46,0.8499923230462153,0.652930728241563,0.1781604583556533,0.10878357887344176,0.10504620855504573,0.05121527777777779,0.1781604583556533,0.10878357887344176,0.226126100196294,0.11400075404521937,0.09079195511356315,4,455,0.2718281043770553,0.49487910000000035,success,
optional_subgroup_mitigation_sensitivity,adult,sex_binary x race_binary,logistic_regression,baseline,baseline,,,47,0.8476892369107938,0.6469750889679715,0.1717816918348256,0.06556968337073044,0.0840623937132753,0.02570965766548794,0.1717816918348256,0.06556968337073044,0.2138887410431254,0.12353741496598636,0.09003771228453444,4,421,0.25077555780151123,0.44783110000000015,success,
optional_subgroup_mitigation_sensitivity,adult,sex_binary x race_binary,logistic_regression,baseline,baseline,,,48,0.8527560264087211,0.6648025166025864,0.17722156410726234,0.12761408754078857,0.07000890774856555,0.003766328281459952,0.17722156410726234,0.12761408754078857,0.20675607880738403,0.19878296146044627,0.06811885389107972,4,397,0.27265372249727954,0.7960542000000004,success,
optional_subgroup_mitigation_sensitivity,adult,sex_binary x race_binary,logistic_regression,baseline,baseline,,,49,0.8446184553968985,0.6333333333333334,0.14098422450434822,0.042901371074745676,0.08883761250350579,0.12445865360633063,0.14098422450434822,0.12445865360633063,0.20699044909571226,0.3208469055374593,0.06954990291011606,4,399,0.21166414487125196,0.5248977000000004,success,
optional_subgroup_mitigation_sensitivity,adult,sex_binary x race_binary,logistic_regression,baseline,baseline,,,50,0.8484569322892677,0.6518518518518519,0.17395010955543658,0.10088653360408106,0.07146646249962624,0.0201005025125629,0.17395010955543658,0.10088653360408106,0.20819190192870696,0.2222222222222222,0.085993651291296,4,435,0.2620110259223434,0.7390708000000004,success,
optional_subgroup_mitigation_sensitivity,adult,sex_binary x race_binary,logistic_regression,baseline,baseline,,,51,0.855980346998311,0.6704146170063247,0.18096354042119023,0.09241335622718261,0.09099046726648628,0.03220245736291949,0.18096354042119023,0.09241335622718261,0.22172432647380452,0.10279146541770334,0.08367574045540148,4,420,0.2651023804802775,0.5323194000000004,success,
optional_subgroup_mitigation_sensitivity,adult,sex_binary x race_binary,logistic_regression,baseline,baseline,,,52,0.8512206356517734,0.6557726465364122,0.17704418965105345,0.12441013358424935,0.07823465064137712,0.06715588467667422,0.17704418965105345,0.12441013358424935,0.21501263926598635,0.20316169828364955,0.07461075702808681,4,440,0.27618523377082904,0.7165187,success,
optional_subgroup_mitigation_sensitivity,adult,sex_binary x race_binary,logistic_regression,baseline,baseline,,,53,0.8527560264087211,0.658354114713217,0.17351761720386105,0.13013877978528415,0.10598474143071616,0.08166283273085773,0.17351761720386105,0.13013877978528415,0.21546681944998008,0.19441034347655733,0.07965367965367964,4,416,0.27557802650663094,0.6237653999999999,success,
optional_subgroup_mitigation_sensitivity,adult,sex_binary x race_binary,logistic_regression,baseline,baseline,,,54,0.8519883310302472,0.6529877609791218,0.1647374507128502,0.13436541414040337,0.07925122136086167,0.00023457658925640779,0.1647374507128502,0.13436541414040337,0.19215210076087283,0.14885526930575027,0.07256506943805757,4,452,0.2704219533478607,0.5687150999999986,success,
optional_subgroup_mitigation_sensitivity,adult,sex_binary x race_binary,logistic_regression,baseline,baseline,,,55,0.8526024873330262,0.6549245147375989,0.1477199133662281,0.02650525181008989,0.08486401037384615,0.07570639936079038,0.1477199133662281,0.07570639936079038,0.1812160945824312,0.12221231043710973,0.07082235879426398,4,440,0.2095939660511008,0.5354536999999979,success,
optional_subgroup_mitigation_sensitivity,adult,sex_binary x race_binary,logistic_regression,baseline,baseline,,,56,0.8412405957316137,0.6359154929577464,0.16844109456207845,0.09001512859304084,0.06275275546136375,0.011187927445733048,0.16844109456207845,0.09001512859304084,0.20686498692824426,0.10916179337231974,0.08870835672842972,4,438,0.25369332988470994,0.408359100000002,success,
optional_subgroup_mitigation_sensitivity,adult,sex_binary x race_binary,logistic_regression,baseline,baseline,,,57,0.8498387839705205,0.6541725601131541,0.1754821233778668,0.04640498451071673,0.09360277547081082,0.04123665807876342,0.1754821233778668,0.04640498451071673,0.20786260566214948,0.10610169491525423,0.08293428805847691,4,435,0.2453689413357364,0.33353110000000186,success,
optional_subgroup_mitigation_sensitivity,adult,sex_binary x race_binary,logistic_regression,baseline,baseline,,,58,0.8473821587594043,0.6432160804020101,0.16942789817801374,0.10751547303271441,0.07057583799069866,0.05999999999999994,0.16942789817801374,0.10751547303271441,0.1925751087307748,0.12853192939928798,0.07256823281989826,4,417,0.2656793466214621,0.2838434999999997,success,
optional_subgroup_mitigation_sensitivity,adult,sex_binary x race_binary,logistic_regression,baseline,baseline,,,59,0.8403193612774451,0.6237337192474673,0.17228158000126467,0.0763419296106313,0.07901209620835789,0.0297743596849811,0.17228158000126467,0.0763419296106313,0.21754595924337622,0.23015873015873017,0.08944760243107497,4,444,0.25903480557117614,0.3178984999999983,success,
optional_subgroup_mitigation_sensitivity,adult,sex_binary x race_binary,logistic_regression,baseline,baseline,,,60,0.8498387839705205,0.650214592274678,0.1736141653815534,0.07408498092617222,0.07451182947416161,0.0625657227516393,0.1736141653815534,0.07408498092617222,0.20615134802643925,0.1311465858774178,0.07846058986743397,4,398,0.2569585938867084,0.32380159999999947,success,
optional_subgroup_mitigation_sensitivity,adult,sex_binary x race_binary,logistic_regression,baseline,baseline,,,61,0.8490710885920467,0.6462756387189637,0.16526093475858122,0.039479638009049745,0.057320180435095236,0.02531721063382486,0.16526093475858122,0.039479638009049745,0.1799839128327933,0.07396825396825402,0.0645864548222486,4,423,0.2364453014322554,0.3315254000000003,success,
optional_subgroup_mitigation_sensitivity,adult,sex_binary x race_binary,logistic_regression,baseline,baseline,,,62,0.8409335175802242,0.6352112676056338,0.17139852182208992,0.05932323984446097,0.09143280428000272,0.12556818181818175,0.17139852182208992,0.12556818181818175,0.20874847997489504,0.20063297448165873,0.08422698404060977,4,424,0.2444931564017261,0.32379159999999985,success,
optional_subgroup_mitigation_sensitivity,adult,sex_binary x race_binary,logistic_regression,baseline,baseline,,,63,0.849531705819131,0.6487455197132617,0.17708865400864063,0.12259606051102845,0.04564904723934152,0.04847746258511609,0.17708865400864063,0.12259606051102845,0.18681053032771805,0.1799522829035527,0.08525032986812997,4,419,0.2798487650383673,0.30219479999999876,success,
optional_subgroup_mitigation_sensitivity,adult,sex_binary x race_binary,logistic_regression,baseline,baseline,,,64,0.8532166436358053,0.6600284495021336,0.1598742578116045,0.04530397771102379,0.07998156729500974,0.09508932579226137,0.1598742578116045,0.09508932579226137,0.20411347249056083,0.12453239360260226,0.07604187398001831,4,419,0.22896355211802588,0.27893219999999985,success,
optional_subgroup_mitigation_sensitivity,adult,sex_binary x race_binary,logistic_regression,baseline,baseline,,,65,0.8472286196837095,0.6445158985351912,0.15583142037857178,0.07201180215855274,0.09524663754787772,0.08607196106563147,0.15583142037857178,0.08607196106563147,0.20630532721618852,0.13859180035650626,0.06983801109451354,4,426,0.23617425196794323,0.27462129999999974,success,
optional_subgroup_mitigation_sensitivity,adult,sex_binary x race_binary,logistic_regression,baseline,baseline,,,66,0.8524489482573315,0.651179673321234,0.15888694039198548,0.0601873780178509,0.07933626202856973,0.010959845125835255,0.15888694039198548,0.0601873780178509,0.20868971017427074,0.2069805194805195,0.07089768048134112,4,421,0.23845549528954196,0.25074929999999895,success,
optional_subgroup_mitigation_sensitivity,adult,sex_binary x race_binary,logistic_regression,baseline,baseline,,,67,0.8478427759864886,0.6472054111783553,0.1583627874164117,0.06249018067556955,0.08028850571192307,0.09196055336150954,0.1583627874164117,0.09196055336150954,0.2079990132524268,0.23570957095709577,0.07141434518281008,4,406,0.23465887768697133,0.2701494999999987,success,
optional_subgroup_mitigation_sensitivity,adult,sex_binary x race_binary,logistic_regression,baseline,baseline,,,68,0.8483033932135728,0.6463851109520401,0.16384400341315258,0.04943502824858759,0.07503175467247325,0.03896335774959714,0.16384400341315258,0.04943502824858759,0.2092364360922076,0.12189247056024743,0.08253081530273343,4,443,0.23724681812531073,0.39457390000000103,success,
optional_subgroup_mitigation_sensitivity,adult,sex_binary x race_binary,logistic_regression,baseline,baseline,,,69,0.8502994011976048,0.6526540790879942,0.15777413580820837,0.07511561522256704,0.08416306776962515,0.04825373507373232,0.15777413580820837,0.07511561522256704,0.19391873102816537,0.08058252427184465,0.07209636619902364,4,446,0.23750586407854998,0.34823439999999906,success,
optional_subgroup_mitigation_sensitivity,adult,sex_binary x race_binary,logistic_regression,baseline,baseline,,,70,0.8461538461538461,0.6449326718639263,0.18752481971534302,0.18078897770845526,0.09853081665606685,0.07489050858962132,0.18752481971534302,0.18078897770845526,0.22478530886038625,0.2568737873266764,0.08767207736807632,4,448,0.3082324253457194,0.27980810000000034,success,
optional_subgroup_mitigation_sensitivity,adult,sex_binary x race_binary,logistic_regression,baseline,baseline,,,71,0.8483033932135728,0.6473947180585296,0.16470645439078307,0.06604550042705182,0.08689065609510783,0.03586827237585488,0.16470645439078307,0.06604550042705182,0.20244933482531394,0.0882629107981221,0.08909646374435107,4,420,0.2436911439245055,0.2589309999999969,success,
optional_subgroup_mitigation_sensitivity,adult,sex_binary x race_binary,logistic_regression,equalized_odds_sex,equalized_odds,sex,sex_binary,42,0.8243512974051896,0.5991590749824808,0.08680633381200545,0.04568774878372406,0.06785588349625177,0.045369521364386545,0.08680633381200545,0.04568774878372406,0.12484344247629271,0.14750571466989376,0.016912562789963198,4,414,0.1341673909016884,0.47337409999999736,success,
optional_subgroup_mitigation_sensitivity,adult,sex_binary x race_binary,logistic_regression,equalized_odds_sex,equalized_odds,sex,sex_binary,43,0.822201750345463,0.5916784203102962,0.06741242784905588,0.02440054035798722,0.04611862650347184,0.046469819132708645,0.06741242784905588,0.046469819132708645,0.1045887712224942,0.19088607594936702,0.03579916815210933,4,395,0.10532603957716588,0.5400873000000033,success,
optional_subgroup_mitigation_sensitivity,adult,sex_binary x race_binary,logistic_regression,equalized_odds_sex,equalized_odds,sex,sex_binary,44,0.82081989866421,0.5653631284916201,0.09280184497732358,0.0015332256612232142,0.06681002650829064,0.008159722222222221,0.09280184497732358,0.008159722222222221,0.14110088509969232,0.06225425950196595,0.033689348051006374,4,418,0.14056835340753698,0.4638266999999985,success,
optional_subgroup_mitigation_sensitivity,adult,sex_binary x race_binary,logistic_regression,equalized_odds_sex,equalized_odds,sex,sex_binary,45,0.8172884999232305,0.5780141843971631,0.08972534070846971,0.024667663274983598,0.07851443428366506,0.14086348434174517,0.08972534070846971,0.14086348434174517,0.1389748700216924,0.21446822101564988,0.02266997994072034,4,412,0.1315508407535135,0.4364725000000007,success,
optional_subgroup_mitigation_sensitivity,adult,sex_binary x race_binary,logistic_regression,equalized_odds_sex,equalized_odds,sex,sex_binary,46,0.8252725318593582,0.5876811594202899,0.09375890594265897,0.0022697163652615204,0.09027844164926134,0.07829861111111114,0.09375890594265897,0.07829861111111114,0.13890823686528242,0.16515837104072395,0.03380658180079013,4,455,0.13398826198612607,0.44938459999999836,success,
optional_subgroup_mitigation_sensitivity,adult,sex_binary x race_binary,logistic_regression,equalized_odds_sex,equalized_odds,sex,sex_binary,47,0.8200522032857362,0.5768953068592059,0.08186823466524124,0.02685795879513153,0.07074237695168265,0.04149299725421257,0.08186823466524124,0.04149299725421257,0.11907119578066071,0.07562189054726365,0.032372976745233116,4,421,0.12719161103836363,0.4677213000000009,success,
optional_subgroup_mitigation_sensitivity,adult,sex_binary x race_binary,logistic_regression,equalized_odds_sex,equalized_odds,sex,sex_binary,48,0.8350990327038231,0.6410427807486632,0.1108256241557545,0.09327932359229074,0.05893594533236718,0.009333482074083466,0.1108256241557545,0.09327932359229074,0.13666592003730527,0.11020960108181199,0.006472396147730819,4,397,0.17053470359594097,0.41049740000000057,success,
optional_subgroup_mitigation_sensitivity,adult,sex_binary x race_binary,logistic_regression,equalized_odds_sex,equalized_odds,sex,sex_binary,49,0.8215875940426839,0.5873579545454545,0.06414277934636331,0.037019018133569226,0.06434308151245507,0.109731764279074,0.06434308151245507,0.109731764279074,0.10954413059676218,0.2825688073394495,0.02273280218628941,4,399,0.10764828259736178,0.4148502999999977,success,
optional_subgroup_mitigation_sensitivity,adult,sex_binary x race_binary,logistic_regression,equalized_odds_sex,equalized_odds,sex,sex_binary,50,0.8257331490864425,0.588917059036581,0.08673296954093043,0.05575503937397852,0.04366876063395639,0.024034458004307202,0.08673296954093043,0.05575503937397852,0.10141751281793505,0.10833333333333339,0.02568561847593239,4,435,0.14340068090636096,0.40930900000000037,success,
optional_subgroup_mitigation_sensitivity,adult,sex_binary x race_binary,logistic_regression,equalized_odds_sex,equalized_odds,sex,sex_binary,51,0.8297251650545063,0.6142608695652173,0.09072137994802876,0.0021971427142547517,0.08124661764846491,0.04845039427837883,0.09072137994802876,0.04845039427837883,0.14510637240282334,0.07874617737003065,0.032141361804574234,4,420,0.12290080520449254,0.5054243000000014,success,
optional_subgroup_mitigation_sensitivity,adult,sex_binary x race_binary,logistic_regression,equalized_odds_sex,equalized_odds,sex,sex_binary,52,0.8284968524489482,0.6057183198023297,0.09726443279684197,0.03197753161398853,0.05799163043383401,0.07001709584834237,0.09726443279684197,0.07001709584834237,0.12340136691321037,0.11327913279132795,0.023167070217917668,4,440,0.1430564511383619,0.4591963000000021,success,
optional_subgroup_mitigation_sensitivity,adult,sex_binary x race_binary,logistic_regression,equalized_odds_sex,equalized_odds,sex,sex_binary,53,0.8248119146322739,0.5917710196779964,0.08156559176422018,0.021825085100811714,0.0838527216356082,0.06223299375616165,0.0838527216356082,0.06223299375616165,0.12357762056596255,0.08360976883897092,0.053397364434153737,4,416,0.1217857242584815,0.4728369999999984,success,
optional_subgroup_mitigation_sensitivity,adult,sex_binary x race_binary,logistic_regression,equalized_odds_sex,equalized_odds,sex,sex_binary,54,0.8211269768155995,0.5683586513523528,0.0770879440437278,0.004349498291156884,0.06017863055772821,0.015716631480178267,0.0770879440437278,0.015716631480178267,0.10737497722455551,0.06505034446210922,0.028369974252327186,4,452,0.11730782997790827,0.46567730000000296,success,
optional_subgroup_mitigation_sensitivity,adult,sex_binary x race_binary,logistic_regression,equalized_odds_sex,equalized_odds,sex,sex_binary,55,0.8257331490864425,0.5892146217879117,0.060323899571967016,0.09350989904287399,0.07176079105032965,0.0853127042928743,0.07176079105032965,0.09350989904287399,0.09923674799912424,0.21543264942016055,0.034256990145417054,4,440,0.12538561298799356,0.5455219000000007,success,
optional_subgroup_mitigation_sensitivity,adult,sex_binary x race_binary,logistic_regression,equalized_odds_sex,equalized_odds,sex,sex_binary,56,0.8235836020267158,0.6050189068408388,0.09688024632771802,0.00029519205933359327,0.058391010645307884,0.002230151650312151,0.09688024632771802,0.002230151650312151,0.15022546107323745,0.0060882800608828,0.0425381340071121,4,438,0.12783152479518217,0.45471510000000137,success,
optional_subgroup_mitigation_sensitivity,adult,sex_binary x race_binary,logistic_regression,equalized_odds_sex,equalized_odds,sex,sex_binary,57,0.8291110087517273,0.6060176991150442,0.10426866258622232,0.03182375395963355,0.08577522728959375,0.06976321923690343,0.10426866258622232,0.06976321923690343,0.14873652667829512,0.19084745762711863,0.0344987692996196,4,435,0.15118804721870424,0.43626950000000164,success,
optional_subgroup_mitigation_sensitivity,adult,sex_binary x race_binary,logistic_regression,equalized_odds_sex,equalized_odds,sex,sex_binary,58,0.8225088284968525,0.5912305516265913,0.08866520545169015,0.029607174434760575,0.0623908255487203,0.07047619047619047,0.08866520545169015,0.07047619047619047,0.11780126750432385,0.13538968683776786,0.029993404861099943,4,417,0.131732667656056,0.5404736000000057,success,
optional_subgroup_mitigation_sensitivity,adult,sex_binary x race_binary,logistic_regression,equalized_odds_sex,equalized_odds,sex,sex_binary,59,0.8171349608475357,0.5837119888150996,0.09387053938410303,0.0194264445541793,0.05505711318795431,0.01069308760017551,0.09387053938410303,0.0194264445541793,0.12779067945119604,0.1402116402116403,0.021599176367480863,4,444,0.13239685896185782,0.6785659000000024,success,
optional_subgroup_mitigation_sensitivity,adult,sex_binary x race_binary,logistic_regression,equalized_odds_sex,equalized_odds,sex,sex_binary,60,0.8292645478274221,0.611731843575419,0.1124325663480328,0.007162416943381045,0.06900400614779914,0.04660531764244025,0.1124325663480328,0.04660531764244025,0.1578301257323964,0.0636215334420881,0.039862295755831875,4,398,0.15218441711646435,0.5149481999999992,success,
optional_subgroup_mitigation_sensitivity,adult,sex_binary x race_binary,logistic_regression,equalized_odds_sex,equalized_odds,sex,sex_binary,61,0.8271150007676954,0.590843023255814,0.09339212609785569,0.06736425339366514,0.04510557380604055,0.022538977272162475,0.09339212609785569,0.06736425339366514,0.11128999354920523,0.07566864445458699,0.01105712409717663,4,423,0.15740793636653488,0.4935812000000013,success,
optional_subgroup_mitigation_sensitivity,adult,sex_binary x race_binary,logistic_regression,equalized_odds_sex,equalized_odds,sex,sex_binary,62,0.811761093198219,0.5535324107793154,0.07218346060171829,0.05159923885165879,0.06958138164972667,0.11519886363636367,0.07218346060171829,0.11519886363636367,0.10590652335935355,0.19365530303030298,0.04128174137807242,4,424,0.12591255925571038,0.511580600000002,success,
optional_subgroup_mitigation_sensitivity,adult,sex_binary x race_binary,logistic_regression,equalized_odds_sex,equalized_odds,sex,sex_binary,63,0.8211269768155995,0.5762095307384503,0.09013630494045625,0.0131176918596837,0.03582819754227248,0.028926400971721167,0.09013630494045625,0.028926400971721167,0.09931377184373665,0.04343563094421021,0.03394454015915989,4,419,0.13561952304025116,0.5011624000000054,success,
optional_subgroup_mitigation_sensitivity,adult,sex_binary x race_binary,logistic_regression,equalized_odds_sex,equalized_odds,sex,sex_binary,64,0.8237371411024106,0.5713218820014936,0.07165381607737355,0.08320552263232561,0.06533510915215075,0.06394649429930871,0.07165381607737355,0.08320552263232561,0.12547953681605234,0.1541875447387258,0.03212195995701151,4,419,0.14048270087986467,0.43113790000000307,success,
optional_subgroup_mitigation_sensitivity,adult,sex_binary x race_binary,logistic_regression,equalized_odds_sex,equalized_odds,sex,sex_binary,65,0.8192845079072624,0.5718443070207347,0.06614089394887968,0.039885084245671276,0.07521517208872974,0.07637212704306973,0.07521517208872974,0.07637212704306973,0.10355018076697715,0.19486948694869488,0.027206624221549597,4,426,0.11407095427562469,0.45806989999999814,success,
optional_subgroup_mitigation_sensitivity,adult,sex_binary x race_binary,logistic_regression,equalized_odds_sex,equalized_odds,sex,sex_binary,66,0.8255796100107478,0.582659808963997,0.08050306755006421,0.03809034321283766,0.06218994680533141,0.02636399591998162,0.08050306755006421,0.03809034321283766,0.13319008301193574,0.19886363636363635,0.027629380950064057,4,421,0.13373216161172063,0.4578355000000016,success,
optional_subgroup_mitigation_sensitivity,adult,sex_binary x race_binary,logistic_regression,equalized_odds_sex,equalized_odds,sex,sex_binary,67,0.8241977583294948,0.6020159888773028,0.07661952068140246,0.015789473684210464,0.060500103791274046,0.07605718376867826,0.07661952068140246,0.07605718376867826,0.11486580995953827,0.14128078817733986,0.02397597073856067,4,406,0.11167951594410674,0.43398129999999924,success,
optional_subgroup_mitigation_sensitivity,adult,sex_binary x race_binary,logistic_regression,equalized_odds_sex,equalized_odds,sex,sex_binary,68,0.8291110087517273,0.606852702225362,0.09321352491541707,0.02849035476154127,0.06641262928688077,0.04273069352009318,0.09321352491541707,0.04273069352009318,0.14767266366875934,0.12225274725274726,0.027904929985223474,4,443,0.13677830033853122,0.43885780000000096,success,
optional_subgroup_mitigation_sensitivity,adult,sex_binary x race_binary,logistic_regression,equalized_odds_sex,equalized_odds,sex,sex_binary,69,0.8234300629510211,0.5892857142857144,0.0716385650394041,0.04237562793712524,0.05850905850905849,0.016654169663396945,0.0716385650394041,0.04237562793712524,0.10357482526633593,0.0630106699990387,0.01554672572173231,4,446,0.11911464331827155,0.4934767000000022,success,
optional_subgroup_mitigation_sensitivity,adult,sex_binary x race_binary,logistic_regression,equalized_odds_sex,equalized_odds,sex,sex_binary,70,0.8241977583294948,0.5882775979863358,0.10662773528450668,0.07636316370962498,0.06993340352108107,0.019404086601914505,0.10662773528450668,0.07636316370962498,0.13784230797582192,0.12507739938080498,0.020996053435492656,4,448,0.1768812734191033,0.4857713999999973,success,
optional_subgroup_mitigation_sensitivity,adult,sex_binary x race_binary,logistic_regression,equalized_odds_sex,equalized_odds,sex,sex_binary,71,0.828036235221864,0.6022727272727273,0.08666032716600436,0.032052177964127626,0.0734437101827056,0.030627415997621088,0.08666032716600436,0.032052177964127626,0.12128558995399727,0.1912568306010929,0.042197160924085576,4,420,0.13151567040101525,0.4470900000000029,success,
optional_subgroup_mitigation_sensitivity,adult,sex_binary x race_binary,logistic_regression,equalized_odds_race,equalized_odds,race,race_binary,42,0.8366344234607708,0.6130909090909091,0.15037519654674297,0.01463954002653689,0.02455229362141015,0.02871813680542823,0.15037519654674297,0.02871813680542823,0.15180768830296015,0.10726351351351349,0.11217248153169354,4,414,0.21445698903633492,0.539809499999997,success,
optional_subgroup_mitigation_sensitivity,adult,sex_binary x race_binary,logistic_regression,equalized_odds_race,equalized_odds,race,race_binary,43,0.844925533548288,0.6426043878273178,0.15189679232452535,0.07058426207362378,0.024114716438838224,0.04743226556257718,0.15189679232452535,0.07058426207362378,0.15912788893617047,0.22220264317180616,0.06986054002124686,4,395,0.22865313613364252,0.5566699000000028,success,
optional_subgroup_mitigation_sensitivity,adult,sex_binary x race_binary,logistic_regression,equalized_odds_race,equalized_odds,race,race_binary,44,0.8344848764010441,0.5888634630053394,0.1433463576272494,0.09710639074901378,0.03529392330475206,0.12743055555555555,0.1433463576272494,0.12743055555555555,0.16605446141751495,0.23660293235016716,0.06462822818746394,4,418,0.25113753675664535,0.7754309000000035,success,
optional_subgroup_mitigation_sensitivity,adult,sex_binary x race_binary,logistic_regression,equalized_odds_race,equalized_odds,race,race_binary,45,0.8403193612774451,0.6401384083044982,0.17265685890039906,0.09301570461815434,0.05737851891698045,0.13832978615587316,0.17265685890039906,0.13832978615587316,0.18801179745026095,0.25835347273300413,0.11182300039994374,4,412,0.25363231281257304,0.6281372999999988,success,
optional_subgroup_mitigation_sensitivity,adult,sex_binary x race_binary,logistic_regression,equalized_odds_race,equalized_odds,race,race_binary,46,0.8426224474128666,0.6244045437889337,0.16382879840439385,0.10357057349443743,0.08226313117129247,0.013194444444444398,0.16382879840439385,0.10357057349443743,0.19444562770911644,0.11075913696803852,0.07063288470323646,4,455,0.2637205092890249,0.5937391000000005,success,
optional_subgroup_mitigation_sensitivity,adult,sex_binary x race_binary,logistic_regression,equalized_odds_race,equalized_odds,race,race_binary,47,0.8389375095961922,0.621436304583183,0.16286740612053988,0.08551483420593375,0.04399748951930685,0.023437962981253557,0.16286740612053988,0.08551483420593375,0.16796431965177944,0.11664889836531628,0.07874902995498992,4,421,0.25237137552632655,0.6271030999999994,success,
optional_subgroup_mitigation_sensitivity,adult,sex_binary x race_binary,logistic_regression,equalized_odds_race,equalized_odds,race,race_binary,48,0.8444649163212038,0.6315023644961805,0.16124705446209042,0.11080998537236181,0.03470161785562706,0.06232237432734655,0.16124705446209042,0.11080998537236181,0.1650165778840721,0.19117647058823534,0.07939020118106295,4,397,0.2611793538991056,0.595590399999999,success,
optional_subgroup_mitigation_sensitivity,adult,sex_binary x race_binary,logistic_regression,equalized_odds_race,equalized_odds,race,race_binary,49,0.8384768923691079,0.6160583941605839,0.13223555746775423,0.025298540468819075,0.05461105020269755,0.09482348139582336,0.13223555746775423,0.09482348139582336,0.16938291675133782,0.2964169381107492,0.08335941320293398,4,399,0.1968077275192524,0.5513584000000051,success,
optional_subgroup_mitigation_sensitivity,adult,sex_binary x race_binary,logistic_regression,equalized_odds_race,equalized_odds,race,race_binary,50,0.8346384154767388,0.5964780816785313,0.1416806221685521,0.05274627309197166,0.021033499662039074,0.06535534816941857,0.1416806221685521,0.06535534816941857,0.14264131724062884,0.1824074074074074,0.06201793160221192,4,435,0.22580052615963514,0.4901535999999993,success,
optional_subgroup_mitigation_sensitivity,adult,sex_binary x race_binary,logistic_regression,equalized_odds_race,equalized_odds,race,race_binary,51,0.8513741747274681,0.6589147286821706,0.1694335772474373,0.0678313634620834,0.06340061384302065,0.002530717036493657,0.1694335772474373,0.0678313634620834,0.1850631275474699,0.09736180904522618,0.06628072682564648,4,420,0.24426751886425616,0.4711856000000054,success,
optional_subgroup_mitigation_sensitivity,adult,sex_binary x race_binary,logistic_regression,equalized_odds_race,equalized_odds,race,race_binary,52,0.8461538461538461,0.6421428571428571,0.1673371824941386,0.11796615485508177,0.05329840512297282,0.029125433533752076,0.1673371824941386,0.11796615485508177,0.1820311768560996,0.14661246612466128,0.056986253566717354,4,440,0.26456775590783765,0.43420369999999764,success,
optional_subgroup_mitigation_sensitivity,adult,sex_binary x race_binary,logistic_regression,equalized_odds_race,equalized_odds,race,race_binary,53,0.8360202671579917,0.5963718820861679,0.14511482659956043,0.11150824823252165,0.043403899582584726,0.03676470588235292,0.14511482659956043,0.11150824823252165,0.1514554820341764,0.160889533478366,0.05480755142293604,4,416,0.2547050181610322,0.46672370000000285,success,
optional_subgroup_mitigation_sensitivity,adult,sex_binary x race_binary,logistic_regression,equalized_odds_race,equalized_odds,race,race_binary,54,0.8384768923691079,0.6056971514242878,0.1395773409232802,0.10388765724327492,0.03546264302380456,0.06192821956368755,0.1395773409232802,0.10388765724327492,0.14609687575078778,0.17495543672014258,0.05541691424044365,4,452,0.24211094796677343,0.4795437000000007,success,
optional_subgroup_mitigation_sensitivity,adult,sex_binary x race_binary,logistic_regression,equalized_odds_race,equalized_odds,race,race_binary,55,0.8430830646399509,0.6209198813056379,0.13165395845938194,0.006348790116982084,0.0475763166162011,0.016179995641751987,0.13165395845938194,0.016179995641751987,0.13895078697058896,0.11373773416592325,0.05374434378757423,4,440,0.1922690462365666,0.40950329999999724,success,
optional_subgroup_mitigation_sensitivity,adult,sex_binary x race_binary,logistic_regression,equalized_odds_race,equalized_odds,race,race_binary,56,0.8354061108552127,0.611875452570601,0.15764442150448355,0.07989250089172595,0.028221491214307837,0.05891317276241448,0.15764442150448355,0.07989250089172595,0.17680348416175018,0.14568036529680367,0.10185500340367597,4,438,0.24631569549539095,0.42917959999999766,success,
optional_subgroup_mitigation_sensitivity,adult,sex_binary x race_binary,logistic_regression,equalized_odds_race,equalized_odds,race,race_binary,57,0.8433901427913404,0.6367521367521367,0.16533669455701777,0.03451298689959381,0.06327897427214935,0.034871794871794926,0.16533669455701777,0.034871794871794926,0.17426660254448476,0.12305084745762718,0.07460351326363701,4,435,0.23195188050851961,0.4533765999999986,success,
optional_subgroup_mitigation_sensitivity,adult,sex_binary x race_binary,logistic_regression,equalized_odds_race,equalized_odds,race,race_binary,58,0.8430830646399509,0.633428981348637,0.1621237358805213,0.09233295440191985,0.039415048315977114,0.024047619047619095,0.1621237358805213,0.09233295440191985,0.17105561721162735,0.11552888222055518,0.06286132514034777,4,417,0.25156058427284816,0.4380888999999968,success,
optional_subgroup_mitigation_sensitivity,adult,sex_binary x race_binary,logistic_regression,equalized_odds_race,equalized_odds,race,race_binary,59,0.8261937663135268,0.5737951807228916,0.1493002128870434,0.09164659524937269,0.012027167354270146,0.09159564886025079,0.1493002128870434,0.09164659524937269,0.16557308753840547,0.19595810832924232,0.08825541730605702,4,444,0.25073673689004683,0.42065970000000164,success,
optional_subgroup_mitigation_sensitivity,adult,sex_binary x race_binary,logistic_regression,equalized_odds_race,equalized_odds,race,race_binary,60,0.8421618301857823,0.6302158273381294,0.17135663424655245,0.09208241518324073,0.045140971049913076,0.03194885192576424,0.17135663424655245,0.09208241518324073,0.17679554411059448,0.14483803309251925,0.08005984336257792,4,398,0.2632082938584921,0.42387739999999496,success,
optional_subgroup_mitigation_sensitivity,adult,sex_binary x race_binary,logistic_regression,equalized_odds_race,equalized_odds,race,race_binary,61,0.8432366037156457,0.6365254538981844,0.15880744983163422,0.03653846153846152,0.03206931888085665,0.004741385737076831,0.15880744983163422,0.03653846153846152,0.16667246590733242,0.07744107744107742,0.0913831060986443,4,423,0.22466464334168548,0.4877238999999989,success,
optional_subgroup_mitigation_sensitivity,adult,sex_binary x race_binary,logistic_regression,equalized_odds_race,equalized_odds,race,race_binary,62,0.8335636419468755,0.6052439912600146,0.15605766860666342,0.05315793828079751,0.04704284847501447,0.06122159090909096,0.15605766860666342,0.06122159090909096,0.16161736884472025,0.17748205741626788,0.07493185256484855,4,424,0.23516398575871608,0.41553740000000516,success,
optional_subgroup_mitigation_sensitivity,adult,sex_binary x race_binary,logistic_regression,equalized_odds_race,equalized_odds,race,race_binary,63,0.8456932289267619,0.6399140093156576,0.16970427407655395,0.09940713528366413,0.020347979342569072,0.0697298406071648,0.16970427407655395,0.09940713528366413,0.17211444236065354,0.17782789162336182,0.08089759005082348,4,419,0.2631184325622346,0.4384439000000029,success,
optional_subgroup_mitigation_sensitivity,adult,sex_binary x race_binary,logistic_regression,equalized_odds_race,equalized_odds,race,race_binary,64,0.846307385229541,0.6397984886649873,0.15642503992725215,0.06786823851140622,0.05724035548262599,0.06742975132417628,0.15642503992725215,0.06786823851140622,0.18265648874240759,0.10100298183789647,0.0758498975486457,4,419,0.2369286332878462,0.4039050999999958,success,
optional_subgroup_mitigation_sensitivity,adult,sex_binary x race_binary,logistic_regression,equalized_odds_race,equalized_odds,race,race_binary,65,0.8403193612774451,0.6223674655047203,0.14558551873922754,0.07700908455625438,0.06017722003157841,0.037285846906911946,0.14558551873922754,0.07700908455625438,0.16598347203886188,0.08245349421820009,0.07173920606756429,4,426,0.23072156755955672,0.47097509999999687,success,
optional_subgroup_mitigation_sensitivity,adult,sex_binary x race_binary,logistic_regression,equalized_odds_race,equalized_odds,race,race_binary,66,0.8386304314448026,0.6050357008643368,0.14289666274006044,0.07616389026057574,0.04127069511684897,0.06695601490455672,0.14289666274006044,0.07616389026057574,0.15653749858025395,0.25243506493506496,0.05285187936636576,4,421,0.23643906746279508,0.43047189999999347,success,
optional_subgroup_mitigation_sensitivity,adult,sex_binary x race_binary,logistic_regression,equalized_odds_race,equalized_odds,race,race_binary,67,0.8413941348073085,0.6217502746246797,0.14704638928928288,0.053639696255564306,0.044101082491943416,0.02782974202637467,0.14704638928928288,0.053639696255564306,0.17010714349293382,0.18950495049504956,0.07100743647506237,4,406,0.22680471547395786,0.39883700000000033,success,
optional_subgroup_mitigation_sensitivity,adult,sex_binary x race_binary,logistic_regression,equalized_odds_race,equalized_odds,race,race_binary,68,0.8426224474128666,0.6279491833030854,0.1521251435288622,0.015918460833715065,0.054980947196516056,0.01199387584753897,0.1521251435288622,0.015918460833715065,0.1890504344274072,0.054537885095753524,0.08359981984010809,4,443,0.21595409676231742,0.41241939999999744,success,
optional_subgroup_mitigation_sensitivity,adult,sex_binary x race_binary,logistic_regression,equalized_odds_race,equalized_odds,race,race_binary,69,0.8367879625364655,0.6049795615013006,0.14152473658780168,0.05682908891465044,0.03765330814511142,0.031023173014634198,0.14152473658780168,0.05682908891465044,0.1482601410955351,0.09329039700086517,0.08430057322854789,4,446,0.22500627708143522,0.6905836000000036,success,
optional_subgroup_mitigation_sensitivity,adult,sex_binary x race_binary,logistic_regression,equalized_odds_race,equalized_odds,race,race_binary,70,0.8352525717795178,0.6096762459076027,0.16593030847748752,0.1473581594852798,0.05419834934691237,0.007962032203672864,0.16593030847748752,0.1473581594852798,0.17203164160401002,0.1965944272445821,0.07642256002253761,4,448,0.28053167153046155,0.8026406000000037,success,
optional_subgroup_mitigation_sensitivity,adult,sex_binary x race_binary,logistic_regression,equalized_odds_race,equalized_odds,race,race_binary,71,0.8447719944725933,0.6400854396582414,0.1551988028452259,0.05026787794083387,0.054990999919672434,0.008363068688670872,0.1551988028452259,0.05026787794083387,0.16400974317698241,0.15492957746478875,0.0702013191607751,4,420,0.22612925205147905,0.8262374000000037,success,
optional_subgroup_mitigation_sensitivity,adult,sex_binary x race_binary,xgboost,baseline,baseline,,,42,0.8622754491017964,0.6869109947643979,0.17813899529992286,0.06616541353383465,0.08810010265725435,0.053108380707867164,0.17813899529992286,0.06616541353383465,0.21167695473251028,0.17911428446274474,0.07865910821761457,4,414,0.2510211954116708,3.1579379000000003,success,
optional_subgroup_mitigation_sensitivity,adult,sex_binary x race_binary,xgboost,baseline,baseline,,,43,0.8728696453247351,0.7074204946996465,0.1535065922839178,0.02777777777777779,0.051362761115536226,0.06698990339216959,0.1535065922839178,0.06698990339216959,0.18892830494940635,0.16088105726872248,0.06373261073223802,4,395,0.21300020240371134,2.0882085999999944,success,
optional_subgroup_mitigation_sensitivity,adult,sex_binary x race_binary,xgboost,baseline,baseline,,,44,0.8693382465837556,0.704,0.18149975137387367,0.1197238304825411,0.09445230451107361,0.03923611111111114,0.18149975137387367,0.1197238304825411,0.23964108055356007,0.23673135375263038,0.07850119791711038,4,418,0.27291029974566144,1.5789098999999993,success,
optional_subgroup_mitigation_sensitivity,adult,sex_binary x race_binary,xgboost,baseline,baseline,,,45,0.8633502226316597,0.6954140999315537,0.19042150377991449,0.11077140698590282,0.09929920506843586,0.12250937468328771,0.19042150377991449,0.12250937468328771,0.23806288282575103,0.2847273300409793,0.08387174036705487,4,412,0.274816698028259,1.5346751000000012,success,
optional_subgroup_mitigation_sensitivity,adult,sex_binary x race_binary,xgboost,baseline,baseline,,,46,0.8696453247351451,0.6994690265486725,0.1770208152920726,0.10548594595457372,0.10200494354354243,0.08211805555555551,0.1770208152920726,0.10548594595457372,0.21477270764855888,0.1180547188072093,0.06175399140223261,4,455,0.26654292654965855,1.431543099999999,success,
optional_subgroup_mitigation_sensitivity,adult,sex_binary x race_binary,xgboost,baseline,baseline,,,47,0.8671886995240289,0.6961714085001757,0.18372032607243086,0.10659323224768247,0.09806621580738449,0.05223910080398242,0.18372032607243086,0.10659323224768247,0.2263952548524011,0.15142857142857147,0.08226230641010959,4,421,0.273380037752044,1.5068575999999894,success,
optional_subgroup_mitigation_sensitivity,adult,sex_binary x race_binary,xgboost,baseline,baseline,,,48,0.8719484108705665,0.7126119917298416,0.18593140784993845,0.1292954622172927,0.08115633000759101,0.036537102848916536,0.18593140784993845,0.1292954622172927,0.224713169886997,0.2305562547193556,0.06555537529742592,4,397,0.27713707842048385,1.9330479000000054,success,
optional_subgroup_mitigation_sensitivity,adult,sex_binary x race_binary,xgboost,baseline,baseline,,,49,0.8608935974205435,0.675268817204301,0.15270753289265848,0.044493586908447624,0.09930139466102345,0.13593179602294636,0.15270753289265848,0.13593179602294636,0.21754385964912282,0.3156351791530945,0.06169991549181085,4,399,0.22235584690033638,1.6834716999999983,success,
optional_subgroup_mitigation_sensitivity,adult,sex_binary x race_binary,xgboost,baseline,baseline,,,50,0.8694917856594503,0.7015449438202247,0.17696146003030336,0.1089965826358279,0.06299621284413964,0.02248384781048096,0.17696146003030336,0.1089965826358279,0.2051844472674874,0.21666666666666662,0.06548281537798331,4,435,0.2651933838236768,1.4706260999999898,success,
optional_subgroup_mitigation_sensitivity,adult,sex_binary x race_binary,xgboost,baseline,baseline,,,51,0.8751727314601566,0.7146367146367146,0.18165319559360404,0.0824912064280594,0.09028311358008166,0.005354850540986611,0.18165319559360404,0.0824912064280594,0.22436623918878612,0.08813891463791446,0.0721623009758603,4,420,0.26038011044538983,1.4314205999999956,success,
optional_subgroup_mitigation_sensitivity,adult,sex_binary x race_binary,xgboost,baseline,baseline,,,52,0.8682634730538922,0.7033195020746887,0.1833961850250201,0.10959753646122927,0.07847672985136411,0.056880520999326056,0.1833961850250201,0.10959753646122927,0.21176387978653682,0.1859981933152665,0.05909432077818741,4,440,0.26806515767083516,1.440416600000006,success,
optional_subgroup_mitigation_sensitivity,adult,sex_binary x race_binary,xgboost,baseline,baseline,,,53,0.8731767234761246,0.7109867039888035,0.18028534842852473,0.08075412411626082,0.1038886534763193,0.07344725599737101,0.18028534842852473,0.08075412411626082,0.22453417696293343,0.1486482956771582,0.07677922077922078,4,416,0.25849129959860623,1.6461688999999922,success,
optional_subgroup_mitigation_sensitivity,adult,sex_binary x race_binary,xgboost,baseline,baseline,,,54,0.865806847842776,0.6924700914848697,0.17589706138122388,0.1482644219795064,0.08963870160072254,0.039408866995073955,0.17589706138122388,0.1482644219795064,0.20921984588808087,0.15896933958464243,0.07153959348845765,4,452,0.28018615201063757,2.2296038000000067,success,
optional_subgroup_mitigation_sensitivity,adult,sex_binary x race_binary,xgboost,baseline,baseline,,,55,0.8653462306156917,0.6902154715648181,0.16123765036583854,0.0451000101976895,0.09128862063049634,0.0797377787462773,0.16123765036583854,0.0797377787462773,0.1945958109324446,0.11568831836419968,0.07174129353233831,4,440,0.22622963710580568,1.6398365999999953,success,
optional_subgroup_mitigation_sensitivity,adult,sex_binary x race_binary,xgboost,baseline,baseline,,,56,0.8635037617073545,0.6905673512008355,0.1745666931353025,0.07537237248318018,0.06150298295281503,0.02795123401724653,0.1745666931353025,0.07537237248318018,0.20931905769381462,0.10578995433789962,0.07431452367583755,4,438,0.25038977419765795,1.407562900000002,success,
optional_subgroup_mitigation_sensitivity,adult,sex_binary x race_binary,xgboost,baseline,baseline,,,57,0.8705665591893137,0.7034822370735138,0.180297942630036,0.05238765467455042,0.0963074274722533,0.04769966875230036,0.180297942630036,0.05238765467455042,0.21431191019276352,0.10372881355932206,0.07061050197657939,4,435,0.24957864375238495,1.3617038000000008,success,
optional_subgroup_mitigation_sensitivity,adult,sex_binary x race_binary,xgboost,baseline,baseline,,,58,0.8679563949025026,0.6950354609929078,0.17287921202650802,0.07851458885941642,0.059735457181277596,0.026666666666666727,0.17287921202650802,0.07851458885941642,0.19404899415521787,0.09273918642527079,0.059663819471369436,4,417,0.25369676589456325,1.3775406999999973,success,
optional_subgroup_mitigation_sensitivity,adult,sex_binary x race_binary,xgboost,baseline,baseline,,,59,0.8595117457392907,0.6723952738990332,0.1755734249520477,0.0913677789087195,0.07692571075748644,0.040735351855701096,0.1755734249520477,0.0913677789087195,0.22030161421305333,0.20602420602420607,0.07396772049907684,4,444,0.26310591797267346,1.682902800000008,success,
optional_subgroup_mitigation_sensitivity,adult,sex_binary x race_binary,xgboost,baseline,baseline,,,60,0.8687240902809765,0.6994727592267136,0.17573390639179162,0.03699340962864428,0.07696590994986016,0.03531853042758937,0.17573390639179162,0.03699340962864428,0.2141907671135762,0.1062106735026801,0.07398006371390402,4,398,0.23905126735504392,1.5404848000000015,success,
optional_subgroup_mitigation_sensitivity,adult,sex_binary x race_binary,xgboost,baseline,baseline,,,61,0.8697988638108398,0.7034965034965035,0.17601277106633378,0.04128959276018107,0.07434834725398173,0.003608224365951429,0.17601277106633378,0.04128959276018107,0.19864159617044558,0.12121212121212122,0.060418928683596176,4,423,0.23878961712392868,2.0998646999999977,success,
optional_subgroup_mitigation_sensitivity,adult,sex_binary x race_binary,xgboost,baseline,baseline,,,62,0.8639643789344388,0.6908583391486391,0.18152635215475016,0.08852486142136173,0.08857862321041732,0.13934659090909096,0.18152635215475016,0.13934659090909096,0.21340662142548938,0.17304625199362045,0.07034511306835407,4,424,0.26173034364674275,1.879996300000002,success,
optional_subgroup_mitigation_sensitivity,adult,sex_binary x race_binary,xgboost,baseline,baseline,,,63,0.8707200982650084,0.700355871886121,0.17614870789293285,0.12656541672266775,0.05289610176691087,0.04205428928814192,0.17614870789293285,0.12656541672266775,0.1928804064248888,0.18139033238552804,0.07009819197141948,4,419,0.2761688772706669,1.5032334999999932,success,
optional_subgroup_mitigation_sensitivity,adult,sex_binary x race_binary,xgboost,baseline,baseline,,,64,0.8699524028865346,0.7029112592072957,0.17161713649643778,0.08251882371803598,0.08104337940283185,0.09126492503815431,0.17161713649643778,0.09126492503815431,0.21628846712378935,0.17663323393873676,0.06896668391513752,4,419,0.25043895790926013,1.5351057999999966,success,
optional_subgroup_mitigation_sensitivity,adult,sex_binary x race_binary,xgboost,baseline,baseline,,,65,0.8645785352372178,0.6911764705882353,0.16811040003297756,0.08746331236897276,0.09324418747359996,0.039030016597743855,0.16811040003297756,0.08746331236897276,0.2161277695518875,0.1007872846108141,0.06548990759576337,4,426,0.24881503850174638,1.3355181999999957,success,
optional_subgroup_mitigation_sensitivity,adult,sex_binary x race_binary,xgboost,baseline,baseline,,,66,0.8679563949025026,0.6965419901199718,0.17213353303945972,0.04799336215555261,0.07478632478632477,0.05427881512937405,0.17213353303945972,0.05427881512937405,0.21715633503044432,0.2142857142857143,0.06686060731622397,4,421,0.2396533697452886,1.4434163999999896,success,
optional_subgroup_mitigation_sensitivity,adult,sex_binary x race_binary,xgboost,baseline,baseline,,,67,0.8659603869184708,0.6950750960530911,0.16987889622242064,0.054818015187221736,0.08260934665945233,0.06582600060047583,0.16987889622242064,0.06582600060047583,0.22013117639130136,0.2068646864686468,0.07102882800806924,4,406,0.238360553700157,1.6257267000000013,success,
optional_subgroup_mitigation_sensitivity,adult,sex_binary x race_binary,xgboost,baseline,baseline,,,68,0.8665745432212498,0.6941217881027807,0.1787852833794643,0.07184302947014809,0.0776628561059699,0.013882007400761509,0.1787852833794643,0.07184302947014809,0.2178727365779921,0.07382469736757835,0.07878897365702718,4,443,0.25599676659599724,1.647016999999991,success,
optional_subgroup_mitigation_sensitivity,adult,sex_binary x race_binary,xgboost,baseline,baseline,,,69,0.8710271764163979,0.7064989517819706,0.16694194197921214,0.06857758996796426,0.08553365110742159,0.005330354455819197,0.16694194197921214,0.06857758996796426,0.20314088288696702,0.08084206478900324,0.06817227184901012,4,446,0.23853674453774582,1.4395054000000016,success,
optional_subgroup_mitigation_sensitivity,adult,sex_binary x race_binary,xgboost,baseline,baseline,,,70,0.8668816213726394,0.6961093585699264,0.18421936120047808,0.15110807824787165,0.10408736800935599,0.07344139718042786,0.18421936120047808,0.15110807824787165,0.22496498599439774,0.2749278311485496,0.06968502709020222,4,448,0.28862638607366836,1.3710477000000054,success,
optional_subgroup_mitigation_sensitivity,adult,sex_binary x race_binary,xgboost,baseline,baseline,,,71,0.8688776293566712,0.6982332155477031,0.17042810609585854,0.049258482801459724,0.08824321373578571,0.02022004162949753,0.17042810609585854,0.049258482801459724,0.20659579758796467,0.08920187793427226,0.0794793710286668,4,420,0.23978921728927444,1.3833609999999936,success,
optional_subgroup_mitigation_sensitivity,adult,sex_binary x race_binary,xgboost,equalized_odds_sex,equalized_odds,sex,sex_binary,42,0.8415476738830032,0.6438923395445134,0.10869311862687864,0.00800530738611227,0.08090085652013973,0.05864661654135339,0.10869311862687864,0.05864661654135339,0.14371980676328502,0.08847653623773033,0.028904584008080936,4,414,0.1444767290288079,3.0404020999999943,success,
optional_subgroup_mitigation_sensitivity,adult,sex_binary x race_binary,xgboost,equalized_odds_sex,equalized_odds,sex,sex_binary,43,0.8426224474128666,0.6437261035801182,0.07114381201919512,0.04339750084430938,0.03449997691517703,0.05603980533159014,0.07114381201919512,0.05603980533159014,0.09333054075635203,0.18025316455696205,0.03128583128583129,4,395,0.11573003855789098,3.1434466999999984,success,
optional_subgroup_mitigation_sensitivity,adult,sex_binary x race_binary,xgboost,equalized_odds_sex,equalized_odds,sex,sex_binary,44,0.8400122831260556,0.614929785661493,0.09340304867070755,0.020652895970481477,0.06423596265518233,0.000694444444444442,0.09340304867070755,0.020652895970481477,0.14154140179188635,0.1310615989515072,0.01613851348473188,4,418,0.14380644121984837,3.596646100000001,success,
optional_subgroup_mitigation_sensitivity,adult,sex_binary x race_binary,xgboost,equalized_odds_sex,equalized_odds,sex,sex_binary,45,0.8357131890066022,0.6250875963559915,0.10236664174352611,0.0375624889488998,0.0721340625186779,0.12319854058984497,0.10236664174352611,0.12319854058984497,0.12749827618314233,0.17214947301181732,0.020493469450160534,4,412,0.1486493449599435,3.190540100000007,success,
optional_subgroup_mitigation_sensitivity,adult,sex_binary x race_binary,xgboost,equalized_odds_sex,equalized_odds,sex,sex_binary,46,0.8352525717795178,0.6082511865644395,0.09511790250626195,0.05083717737945126,0.07922186615978917,0.059548611111111094,0.09511790250626195,0.059548611111111094,0.13612961161415849,0.12594268476621412,0.019432828478054602,4,455,0.15372879245727503,2.944825499999993,success,
optional_subgroup_mitigation_sensitivity,adult,sex_binary x race_binary,xgboost,equalized_odds_sex,equalized_odds,sex,sex_binary,47,0.837095040687855,0.6220163876024225,0.10564393959641855,0.023412887287232786,0.08474619904579184,0.031438279043122686,0.10564393959641855,0.031438279043122686,0.16349877893152487,0.09496598639455778,0.04059478331341521,4,421,0.15370011152170412,2.6868398000000013,success,
optional_subgroup_mitigation_sensitivity,adult,sex_binary x race_binary,xgboost,equalized_odds_sex,equalized_odds,sex,sex_binary,48,0.8527560264087211,0.6772130595759003,0.11780415208989375,0.047830769478066526,0.05008247407327868,0.007936381456278174,0.11780415208989375,0.047830769478066526,0.12780919297225293,0.12474645030425968,0.025156880322725242,4,397,0.16318872357037495,2.656037800000007,success,
optional_subgroup_mitigation_sensitivity,adult,sex_binary x race_binary,xgboost,equalized_odds_sex,equalized_odds,sex,sex_binary,49,0.8432366037156457,0.6390950866030399,0.09089478002719009,0.05342768686421939,0.08454654394329568,0.10076412035462445,0.09089478002719009,0.10076412035462445,0.1567296619928199,0.1876146788990825,0.0185910290237467,4,399,0.1441952514828727,2.5865926000000172,success,
optional_subgroup_mitigation_sensitivity,adult,sex_binary x race_binary,xgboost,equalized_odds_sex,equalized_odds,sex,sex_binary,50,0.8435436818670352,0.6433321666083304,0.10690958733485989,0.04371997424595109,0.05981391660726357,0.02937544867193098,0.10690958733485989,0.04371997424595109,0.1481731967305507,0.175,0.022121093633452833,4,435,0.15747373936360812,2.6996165999999846,success,
optional_subgroup_mitigation_sensitivity,adult,sex_binary x race_binary,xgboost,equalized_odds_sex,equalized_odds,sex,sex_binary,51,0.8533701827115001,0.6682875998610628,0.11379150923844597,0.025172120626135608,0.06950940365437389,0.03616357968090955,0.11379150923844597,0.03616357968090955,0.1455313649468138,0.17713567839195976,0.020044465839846967,4,420,0.15665539550226895,2.686892400000005,success,
optional_subgroup_mitigation_sensitivity,adult,sex_binary x race_binary,xgboost,equalized_odds_sex,equalized_odds,sex,sex_binary,52,0.8515277138031629,0.6784170269371467,0.11592117884860448,0.044737179761344725,0.06083340510969262,0.05201065923912318,0.11592117884860448,0.05201065923912318,0.13238694878756668,0.10542005420054201,0.05320419693301049,4,440,0.15621405962209603,2.85724239999999,success,
optional_subgroup_mitigation_sensitivity,adult,sex_binary x race_binary,xgboost,equalized_odds_sex,equalized_odds,sex,sex_binary,53,0.8420082911100876,0.6336774652901388,0.10079289135139104,0.018407960199005036,0.092606554013763,0.06597108116989814,0.10079289135139104,0.06597108116989814,0.1473271223595058,0.09804205946337924,0.0398288474810214,4,416,0.1441399669004399,2.8791648000000123,success,
optional_subgroup_mitigation_sensitivity,adult,sex_binary x race_binary,xgboost,equalized_odds_sex,equalized_odds,sex,sex_binary,54,0.841087056655919,0.6294307196562835,0.08536820657805841,0.0004971748585865798,0.056888849286104826,0.025568848228946672,0.08536820657805841,0.025568848228946672,0.09711795489193484,0.11253071253071256,0.027866761162296236,4,452,0.1214304827645822,2.6591044999999838,success,
optional_subgroup_mitigation_sensitivity,adult,sex_binary x race_binary,xgboost,equalized_odds_sex,equalized_odds,sex,sex_binary,55,0.8455396898510671,0.6430092264017033,0.08476543367618561,0.08697172326384339,0.07684967949360658,0.04369143604271086,0.08476543367618561,0.08697172326384339,0.11943829518086944,0.29705619982158793,0.03142369991474851,4,440,0.14934260793338577,2.9735814999999945,success,
optional_subgroup_mitigation_sensitivity,adult,sex_binary x race_binary,xgboost,equalized_odds_sex,equalized_odds,sex,sex_binary,56,0.8392445877475817,0.6420512820512821,0.09773413323938149,0.01599571971513969,0.04324995487086422,0.014384478144513824,0.09773413323938149,0.01599571971513969,0.13326067289266913,0.031525114155251166,0.0255065038367958,4,438,0.1321211329942606,2.6808320000000094,success,
optional_subgroup_mitigation_sensitivity,adult,sex_binary x race_binary,xgboost,equalized_odds_sex,equalized_odds,sex,sex_binary,57,0.8496852448948258,0.6561292588689849,0.11347335763472897,0.01267781243124122,0.07516881466318551,0.03216292479450367,0.11347335763472897,0.03216292479450367,0.1447291918243213,0.1861016949152542,0.021783450782254132,4,435,0.1539540004256219,2.6554155999999978,success,
optional_subgroup_mitigation_sensitivity,adult,sex_binary x race_binary,xgboost,equalized_odds_sex,equalized_odds,sex,sex_binary,58,0.8458467680024566,0.6457304163726182,0.10200743483155142,0.013919413919413981,0.0610483427820889,0.0535714285714286,0.10200743483155142,0.0535714285714286,0.1339217732680144,0.09465505062396984,0.021856430335438624,4,417,0.1418231124222744,2.7198219999999935,success,
optional_subgroup_mitigation_sensitivity,adult,sex_binary x race_binary,xgboost,equalized_odds_sex,equalized_odds,sex,sex_binary,59,0.833870720098265,0.6165839829907866,0.09443774634824947,0.01779721653951971,0.06874631640986784,0.049913392919005095,0.09443774634824947,0.049913392919005095,0.14159151244022092,0.14318442153493705,0.0259828692255313,4,444,0.1361428816673401,2.6424920999999983,success,
optional_subgroup_mitigation_sensitivity,adult,sex_binary x race_binary,xgboost,equalized_odds_sex,equalized_odds,sex,sex_binary,60,0.8455396898510671,0.6542955326460481,0.11526213527371523,0.010425446212482758,0.06460984151780091,0.04894212658961428,0.11526213527371523,0.04894212658961428,0.14403448779165537,0.11256544502617805,0.02222159166146454,4,398,0.1517672077754897,2.645352900000006,success,
optional_subgroup_mitigation_sensitivity,adult,sex_binary x race_binary,xgboost,equalized_odds_sex,equalized_odds,sex,sex_binary,61,0.8418547520343928,0.6281588447653429,0.09049886253262329,0.13076923076923075,0.06918636301005254,0.005973947228476217,0.09049886253262329,0.13076923076923075,0.13250287774059227,0.14325878594249208,0.02519252898999734,4,423,0.1767942403183389,3.2531943000000183,success,
optional_subgroup_mitigation_sensitivity,adult,sex_binary x race_binary,xgboost,equalized_odds_sex,equalized_odds,sex,sex_binary,62,0.8355596499309074,0.6266991983269432,0.10042037520226926,0.005179118060726351,0.07158619103903266,0.12343749999999998,0.10042037520226926,0.12343749999999998,0.13581179147216882,0.1370570866141732,0.015345156323544662,4,424,0.1346763194407565,4.782877099999979,success,
optional_subgroup_mitigation_sensitivity,adult,sex_binary x race_binary,xgboost,equalized_odds_sex,equalized_odds,sex,sex_binary,63,0.8436972209427299,0.6364285714285716,0.10324485468777402,0.051052073533145115,0.026824665211008347,0.08378279458313731,0.10324485468777402,0.08378279458313731,0.10861594244875203,0.14344543582704183,0.044600123513972516,4,419,0.16106336515450576,3.7723722000000066,success,
optional_subgroup_mitigation_sensitivity,adult,sex_binary x race_binary,xgboost,equalized_odds_sex,equalized_odds,sex,sex_binary,64,0.8440042990941194,0.6345323741007194,0.09167825639536512,0.027570810153463632,0.06341181643086174,0.06246521231708413,0.09167825639536512,0.06246521231708413,0.12966688133752574,0.11612903225806448,0.01267593189789986,4,419,0.13863826680009478,4.043269000000009,success,
optional_subgroup_mitigation_sensitivity,adult,sex_binary x race_binary,xgboost,equalized_odds_sex,equalized_odds,sex,sex_binary,65,0.8377091969906341,0.6292528937215013,0.07817833891117448,0.038900535755881704,0.08866648646247373,0.03850113933665289,0.08866648646247373,0.038900535755881704,0.1456675492276983,0.1768676867686768,0.03848892351921759,4,426,0.1233242511165473,3.813859399999984,success,
optional_subgroup_mitigation_sensitivity,adult,sex_binary x race_binary,xgboost,equalized_odds_sex,equalized_odds,sex,sex_binary,66,0.8421618301857823,0.6269956458635704,0.0924617688916843,0.07492433327622638,0.0645433626202857,0.0421324340639897,0.0924617688916843,0.07492433327622638,0.1406900459750816,0.08789290582466991,0.022505339308420677,4,421,0.15941241554021118,2.8449872999999855,success,
optional_subgroup_mitigation_sensitivity,adult,sex_binary x race_binary,xgboost,equalized_odds_sex,equalized_odds,sex,sex_binary,67,0.8418547520343928,0.6423611111111112,0.09630236974876008,0.0179497250589159,0.06350211042257228,0.06705466638952395,0.09630236974876008,0.06705466638952395,0.12753585225235306,0.14068965517241383,0.029286806775052396,4,406,0.13450361416514992,2.7611596000000134,success,
optional_subgroup_mitigation_sensitivity,adult,sex_binary x race_binary,xgboost,equalized_odds_sex,equalized_odds,sex,sex_binary,68,0.8478427759864886,0.6576856649395508,0.10927703649021533,0.006413192853870875,0.06151333696243874,0.024746575250746528,0.10927703649021533,0.024746575250746528,0.13941219009123154,0.031004697103558798,0.014548681851336842,4,443,0.14429491659945465,2.6607563000000027,success,
optional_subgroup_mitigation_sensitivity,adult,sex_binary x race_binary,xgboost,equalized_odds_sex,equalized_odds,sex,sex_binary,69,0.8479963150621833,0.6581491712707183,0.09368725589838436,0.004481258491953688,0.07214429345576887,0.002127040964666649,0.09368725589838436,0.004481258491953688,0.13375099605783092,0.03317152103559862,0.022949928446366744,4,446,0.12602610097809216,2.6762098000000094,success,
optional_subgroup_mitigation_sensitivity,adult,sex_binary x race_binary,xgboost,equalized_odds_sex,equalized_odds,sex,sex_binary,70,0.8400122831260556,0.6281227694503926,0.114912804063495,0.0717488789237668,0.09494594481523518,0.06248956262693195,0.114912804063495,0.0717488789237668,0.16867766843579537,0.19125928730301456,0.03589887547680774,4,448,0.1830763695746981,3.0032528999999784,success,
optional_subgroup_mitigation_sensitivity,adult,sex_binary x race_binary,xgboost,equalized_odds_sex,equalized_odds,sex,sex_binary,71,0.8472286196837095,0.6465364120781527,0.09684838385385053,0.009609441726842083,0.07940435420605262,0.030701754385964897,0.09684838385385053,0.030701754385964897,0.13472584856396866,0.18360655737704912,0.042675760677948565,4,420,0.13609117489939457,3.0744264000000214,success,
optional_subgroup_mitigation_sensitivity,adult,sex_binary x race_binary,xgboost,equalized_odds_race,equalized_odds,race,race_binary,42,0.8539843390142792,0.660720656439529,0.1646126377957789,0.05723131357806288,0.056179673863639534,0.012690262240968253,0.1646126377957789,0.05723131357806288,0.1706440483036228,0.0591353103508695,0.07422944968596962,4,414,0.2395233662307781,2.7075816999999915,success,
optional_subgroup_mitigation_sensitivity,adult,sex_binary x race_binary,xgboost,equalized_odds_race,equalized_odds,race,race_binary,43,0.8599723629663749,0.6735862562634216,0.14111741710094203,0.02946639648767313,0.022181605004324034,0.08812740611607472,0.14111741710094203,0.08812740611607472,0.14386593012448784,0.16052863436123344,0.05808080808080809,4,395,0.20298806235396666,3.0453198000000157,success,
optional_subgroup_mitigation_sensitivity,adult,sex_binary x race_binary,xgboost,equalized_odds_race,equalized_odds,race,race_binary,44,0.8513741747274681,0.6352675207234364,0.1429662382867088,0.07154528367823043,0.04481261514781676,0.08663194444444444,0.1429662382867088,0.08663194444444444,0.17437006113016254,0.22563417890520693,0.05971425662605627,4,418,0.23609887532678742,3.9479736000000116,success,
optional_subgroup_mitigation_sensitivity,adult,sex_binary x race_binary,xgboost,equalized_odds_race,equalized_odds,race,race_binary,45,0.857976354982343,0.6789309267615411,0.17548528910022035,0.08230698751024745,0.07198463929233159,0.09593594810986106,0.17548528910022035,0.09593594810986106,0.19736696411944413,0.22233897236524108,0.07656788214780845,4,412,0.25262030525327106,3.2932845999999927,success,
optional_subgroup_mitigation_sensitivity,adult,sex_binary x race_binary,xgboost,equalized_odds_race,equalized_odds,race,race_binary,46,0.8644249961615231,0.6891939457937346,0.17588688897028776,0.0837177379451246,0.08672143373921971,0.0673611111111111,0.17588688897028776,0.0837177379451246,0.20739354935269025,0.09873716859906956,0.06671852140525276,4,455,0.25616683734522794,2.9907541000000037,success,
optional_subgroup_mitigation_sensitivity,adult,sex_binary x race_binary,xgboost,equalized_odds_race,equalized_odds,race,race_binary,47,0.8585905112851221,0.6778593913955929,0.17880390217827075,0.10536932526461318,0.06718222970522522,0.029067815024791166,0.17880390217827075,0.10536932526461318,0.19847344779483572,0.16761904761904756,0.07139990124474038,4,421,0.26665390070765205,3.1664140999999972,success,
optional_subgroup_mitigation_sensitivity,adult,sex_binary x race_binary,xgboost,equalized_odds_race,equalized_odds,race,race_binary,48,0.866421004145555,0.6917080085046067,0.1689704359609165,0.08080886016942346,0.05028508322455014,0.0538016542096289,0.1689704359609165,0.08080886016942346,0.18298117315120815,0.15415821501014204,0.06804874386948254,4,397,0.2496262036458264,2.912696799999992,success,
optional_subgroup_mitigation_sensitivity,adult,sex_binary x race_binary,xgboost,equalized_odds_race,equalized_odds,race,race_binary,49,0.8601259020420697,0.6800140498770635,0.15307663642345878,0.024413976116762548,0.08137222406363939,0.11835929528603495,0.15307663642345878,0.11835929528603495,0.1926844137370453,0.17947882736156345,0.06446454767726162,4,399,0.2096843127945653,2.770655099999999,success,
optional_subgroup_mitigation_sensitivity,adult,sex_binary x race_binary,xgboost,equalized_odds_race,equalized_odds,race,race_binary,50,0.852141870105942,0.6445182724252491,0.15644244194068183,0.13031796344906144,0.021048634995918997,0.04223977027997128,0.15644244194068183,0.13031796344906144,0.15914881627776667,0.2518518518518519,0.058971786065925166,4,435,0.2656800614035252,2.8432612999999947,success,
optional_subgroup_mitigation_sensitivity,adult,sex_binary x race_binary,xgboost,equalized_odds_race,equalized_odds,race,race_binary,51,0.8724090280976509,0.7064641469445426,0.17613085274283805,0.09524730358244282,0.0671268895751862,0.009682743443975794,0.17613085274283805,0.09524730358244282,0.19801173078834872,0.10363745332165408,0.056364569213423366,4,420,0.2607898497463358,2.70786769999998,success,
optional_subgroup_mitigation_sensitivity,adult,sex_binary x race_binary,xgboost,equalized_odds_race,equalized_odds,race,race_binary,52,0.8567480423767849,0.6699681641315882,0.16230225006122753,0.0582025291190853,0.0396148588067316,0.01379719770924559,0.16230225006122753,0.0582025291190853,0.17092500702181443,0.07571525308955473,0.06072654690618763,4,440,0.2332776555453832,3.237431500000014,success,
optional_subgroup_mitigation_sensitivity,adult,sex_binary x race_binary,xgboost,equalized_odds_race,equalized_odds,race,race_binary,53,0.8556732688469215,0.6561814191660571,0.1540592796881598,0.05866719036396972,0.061677752361742,0.00965330266184694,0.1540592796881598,0.05866719036396972,0.16544938222399364,0.08387096774193548,0.05854343946651639,4,416,0.23491481954148424,3.3128322999999966,success,
optional_subgroup_mitigation_sensitivity,adult,sex_binary x race_binary,xgboost,equalized_odds_race,equalized_odds,race,race_binary,54,0.855980346998311,0.6628324946081955,0.15243216887389627,0.09663953571998118,0.042956919871466964,0.02674173117522871,0.15243216887389627,0.09663953571998118,0.16270852515309703,0.16825649178590357,0.06214299861358684,4,452,0.24126793250287715,3.4830198000000223,success,
optional_subgroup_mitigation_sensitivity,adult,sex_binary x race_binary,xgboost,equalized_odds_race,equalized_odds,race,race_binary,55,0.8530631045601106,0.6500914076782449,0.13942982802269316,0.014215579155922753,0.05461475733087354,0.003940582552480532,0.13942982802269316,0.014215579155922753,0.14789985920147716,0.15087719298245617,0.054365508077835314,4,440,0.1999521857316673,3.6717120000000136,success,
optional_subgroup_mitigation_sensitivity,adult,sex_binary x race_binary,xgboost,equalized_odds_race,equalized_odds,race,race_binary,56,0.8587440503608168,0.6783216783216784,0.1653185746564563,0.07319533104559495,0.03150438204831271,0.05805828129646151,0.1653185746564563,0.07319533104559495,0.17941073807335856,0.13548858447488576,0.09840878148400273,4,438,0.2405488019444742,3.4001008000000184,success,
optional_subgroup_mitigation_sensitivity,adult,sex_binary x race_binary,xgboost,equalized_odds_race,equalized_odds,race,race_binary,57,0.857976354982343,0.659801397572637,0.1597140572473062,0.04220000209550623,0.05208911758420967,0.03227579438105754,0.1597140572473062,0.04220000209550623,0.16668039617690666,0.2546236559139785,0.0580120292196247,4,435,0.23707861975270594,2.760280899999998,success,
optional_subgroup_mitigation_sensitivity,adult,sex_binary x race_binary,xgboost,equalized_odds_race,equalized_odds,race,race_binary,58,0.862582527253186,0.6758420862006519,0.15531832524237688,0.061058481748136884,0.034544918445847256,0.00023809523809525945,0.15531832524237688,0.061058481748136884,0.1606583425817441,0.0838334583645911,0.05548602956552512,4,417,0.23346262864809564,3.2162501999999904,success,
optional_subgroup_mitigation_sensitivity,adult,sex_binary x race_binary,xgboost,equalized_odds_race,equalized_odds,race,race_binary,59,0.8415476738830032,0.6093868281604844,0.145367809792804,0.0550947807596569,0.02047206084589262,0.07569227926741962,0.145367809792804,0.07569227926741962,0.1565901161276884,0.13925707740140725,0.07556535139590725,4,444,0.23310344762815374,5.147871100000032,success,
optional_subgroup_mitigation_sensitivity,adult,sex_binary x race_binary,xgboost,equalized_odds_race,equalized_odds,race,race_binary,60,0.8584369722094273,0.6725852272727273,0.1698117146658798,0.06510149578074076,0.0515810426062637,0.023428846504367495,0.1698117146658798,0.06510149578074076,0.1870073917304364,0.14909112095082733,0.0663258561373302,4,398,0.24621215584907274,3.726832600000023,success,
optional_subgroup_mitigation_sensitivity,adult,sex_binary x race_binary,xgboost,equalized_odds_race,equalized_odds,race,race_binary,61,0.8628896054045755,0.689391304347826,0.1598515237940656,0.0029977375565610753,0.056206014051409375,0.04764744765341167,0.1598515237940656,0.04764744765341167,0.17192317611894947,0.10597402597402605,0.07332586613108802,4,423,0.2045616968812675,3.708974899999987,success,
optional_subgroup_mitigation_sensitivity,adult,sex_binary x race_binary,xgboost,equalized_odds_race,equalized_odds,race,race_binary,62,0.8622754491017964,0.6890814558058925,0.18450180142555916,0.10707040622156028,0.07320092004371054,0.13522727272727275,0.18450180142555916,0.13522727272727275,0.20343329541442745,0.23694178628389156,0.07053062295237175,4,424,0.2697523123882173,4.608769800000005,success,
optional_subgroup_mitigation_sensitivity,adult,sex_binary x race_binary,xgboost,equalized_odds_race,equalized_odds,race,race_binary,63,0.8654997696913864,0.6882562277580071,0.17614870789293285,0.12298433463255831,0.0237744897122715,0.09843905225012173,0.17614870789293285,0.12298433463255831,0.1804590595425154,0.23528450501683162,0.07527445003503565,4,419,0.27531232981108,3.819704399999978,success,
optional_subgroup_mitigation_sensitivity,adult,sex_binary x race_binary,xgboost,equalized_odds_race,equalized_odds,race,race_binary,64,0.8659603869184708,0.6916283998587072,0.16424810679871316,0.07454162091194827,0.059454855509300075,0.060876200736152186,0.16424810679871316,0.07454162091194827,0.18687224558346277,0.15730550284629985,0.06636753862490839,4,419,0.24143189734336484,3.352690100000018,success,
optional_subgroup_mitigation_sensitivity,adult,sex_binary x race_binary,xgboost,equalized_odds_race,equalized_odds,race,race_binary,65,0.8562874251497006,0.6697247706422018,0.1575079931880776,0.07339389704169585,0.07457347700476538,0.021554561566376917,0.1575079931880776,0.07339389704169585,0.1864562135457315,0.08081950729009557,0.05978847023623142,4,426,0.23419862270635544,2.8484427999999866,success,
optional_subgroup_mitigation_sensitivity,adult,sex_binary x race_binary,xgboost,equalized_odds_race,equalized_odds,race,race_binary,66,0.8550591125441425,0.6592057761732851,0.16649083999168485,0.06679834860104739,0.043347677963062575,0.11404275692666377,0.16649083999168485,0.11404275692666377,0.1849367410531306,0.2232142857142857,0.06398024958165432,4,421,0.2480735813429276,2.8030037000000334,success,
optional_subgroup_mitigation_sensitivity,adult,sex_binary x race_binary,xgboost,equalized_odds_race,equalized_odds,race,race_binary,67,0.8555197297712268,0.6609009009009009,0.15911494451868752,0.07359256349829801,0.049549273631231294,0.010702325688815018,0.15911494451868752,0.07359256349829801,0.18172304437057968,0.11570957095709578,0.06545551437637769,4,406,0.24273572580465183,3.4175193000000377,success,
optional_subgroup_mitigation_sensitivity,adult,sex_binary x race_binary,xgboost,equalized_odds_race,equalized_odds,race,race_binary,68,0.8628896054045755,0.683669854764435,0.16702390826427893,0.05607726370438226,0.07203774269642532,0.012975882801933736,0.16702390826427893,0.05607726370438226,0.20772481633166812,0.05800454749247419,0.07215019246536318,4,443,0.2389453976673004,3.7928145999999856,success,
optional_subgroup_mitigation_sensitivity,adult,sex_binary x race_binary,xgboost,equalized_odds_race,equalized_odds,race,race_binary,69,0.8518347919545525,0.6445672191528545,0.1414940992220875,0.039309175672812,0.034658960888469065,0.1003687891168954,0.1414940992220875,0.1003687891168954,0.14475471420310065,0.1587042199365568,0.06484917773282912,4,446,0.21474131225287732,4.340975399999991,success,
optional_subgroup_mitigation_sensitivity,adult,sex_binary x race_binary,xgboost,equalized_odds_race,equalized_odds,race,race_binary,70,0.8529095654844158,0.6521423384168482,0.1663824189766188,0.13105868590368497,0.06759364134316781,0.007423329077578589,0.1663824189766188,0.13105868590368497,0.18156604747162022,0.24922600619195046,0.06070544069440724,4,448,0.27322660093614204,4.039363900000012,success,
optional_subgroup_mitigation_sensitivity,adult,sex_binary x race_binary,xgboost,equalized_odds_race,equalized_odds,race,race_binary,71,0.8674957776754184,0.6947293951185002,0.16210138025957121,0.05447006755182848,0.06682573785385137,0.0014124293785310327,0.16210138025957121,0.05447006755182848,0.17730324505781425,0.13661971830985908,0.061951793482136495,4,420,0.23217843136475974,3.7446803000000273,success,
