dataset,model,mitigation,protected_attribute,run_block,n_seeds,mean_accuracy,std_accuracy,mean_precision,std_precision,mean_recall,std_recall,mean_f1,std_f1,mean_spd,std_spd,mean_di,std_di,mean_eod,std_eod,mean_aod,std_aod,mean_cfs,std_cfs,mean_acfs_balanced,std_acfs_balanced,mean_abs_spd,mean_abs_eod,mean_abs_aod
acs_income_ca_2018,gradient_boosting,baseline,age_group,optional_main_grid_extension,30,0.8033233333333333,0.003933558828525549,0.7680591991987525,0.005558260916423946,0.7464442279590844,0.006358418975802803,0.7570825420595438,0.00492779249777432,-0.20638303389595,0.006961841291105618,0.570459233621472,0.011986121456361753,-0.10616262259155132,0.013539682090479788,-0.0946718578824033,0.0063100105662802905,0.20918957018710815,0.008595824303500404,0.20918957018710818,0.008595824303500399,0.20638303389595,0.10616262259155132,0.0946718578824033
acs_income_ca_2018,gradient_boosting,baseline,sex,optional_main_grid_extension,30,0.8033233333333333,0.003933558828525549,0.7680591991987525,0.005558260916423946,0.7464442279590844,0.006358418975802803,0.7570825420595438,0.00492779249777432,-0.06185646496687549,0.011043993713886917,0.8558848714054953,0.023576784875936698,0.012440620599941443,0.009267864624326968,0.010093363243079806,0.007220371613063707,0.05743623362347779,0.006587250220667099,0.0574362336234778,0.0065872502206671,0.06185646496687549,0.013172683574893769,0.010600657357637289
acs_income_ca_2018,gradient_boosting,equalized_odds,age_group,optional_main_grid_extension,30,0.77057,0.004863527171891206,0.7326630477043526,0.006847958307871424,0.6948449423607728,0.011765981621980467,0.713190510553816,0.007131270327556761,-0.10638222740504653,0.009601627988252063,0.753521811840281,0.019983074592345117,-0.00397037711223029,0.020001643645755865,-0.0025935063347568036,0.0101444055109372,0.09417101419624395,0.009382193095898862,0.09417101419624398,0.009382193095898864,0.10638222740504653,0.01536215896576761,0.008461482254442883
acs_income_ca_2018,gradient_boosting,equalized_odds,sex,optional_main_grid_extension,30,0.7995133333333333,0.004502622479778023,0.763317981035493,0.006612666818890705,0.7417762623802564,0.007657371965859304,0.7523675121613114,0.0056469186477859255,-0.07038595418751342,0.013214495226944992,0.8375924190186949,0.027978913787599095,0.0010095576567640875,0.01351586816042211,0.00016558672937896658,0.009449373444005996,0.06254122911739499,0.010636035387852781,0.06254122911739499,0.010636035387852776,0.07038595418751342,0.01018467710629481,0.00718670419446668
acs_income_ca_2018,gradient_boosting,reweighing,age_group,optional_main_grid_extension,30,0.8030266666666666,0.00408427880210611,0.7699715353469221,0.005834551293727767,0.7419710992044163,0.006062808026021978,0.7556992185455677,0.005055162257008623,-0.19386989919683753,0.008212650127970898,0.5894202133255185,0.015014198523066834,-0.0866957108516131,0.013240717724444774,-0.0805317253045361,0.007454873234390723,0.19291928050686705,0.010108666423760645,0.19291928050686705,0.010108666423760638,0.19386989919683753,0.0866957108516131,0.0805317253045361
acs_income_ca_2018,gradient_boosting,reweighing,sex,optional_main_grid_extension,30,0.8027299999999999,0.003603078185911748,0.7683544771720998,0.004997414429885327,0.7438301672349408,0.006078424431322559,0.7558805680302231,0.004601303285844877,-0.04349925433736347,0.011014591719262504,0.8962815901445332,0.024770213815900218,0.03447358689879495,0.010500451554537679,0.02910428723369634,0.007176634731598884,0.052698884581330346,0.00635780393308693,0.05269888458133037,0.006357803933086925,0.04349925433736347,0.03447358689879495,0.02910428723369634
acs_income_ca_2018,logistic_regression,ExponentiatedGradient_DP,age_group,required,30,0.6947266666666665,0.0052137043111091545,0.6289425087035685,0.006833300932173378,0.6257265789900958,0.007450988836613953,0.62731181711414,0.006258609399854401,-0.01885359833561306,0.010410133947924501,0.954976291594031,0.024510827260974314,0.010649421734747913,0.016006674958207318,0.04727170614753593,0.010360083491062806,0.03189225623761217,0.005374722423323447,0.03189225623761217,0.005374722423323449,0.019032158204417407,0.015800414354544327,0.04727170614753593
acs_income_ca_2018,logistic_regression,ExponentiatedGradient_DP,sex,required,30,0.7701199999999999,0.004397052304159832,0.7301561332642642,0.0065506344867708585,0.6982221139795421,0.0057663135199615065,0.7138179206320889,0.005231134663660725,-0.017555293817882296,0.011967747103340705,0.9566439615083461,0.029179316402599846,0.04784539257368034,0.011971924520868168,0.0461905983740831,0.008945169874966187,0.0392237439961843,0.006750382464547286,0.03922374399618432,0.006750382464547286,0.018099194661200482,0.04784539257368034,0.0461905983740831
acs_income_ca_2018,logistic_regression,ExponentiatedGradient_EO,age_group,required,30,0.7375500000000001,0.004703538653191763,0.7093095046144698,0.007817512355083158,0.6116009092385127,0.013792873022498297,0.6567279446092898,0.008043461630802436,-0.10263228100123098,0.011154713686790892,0.7400079014571463,0.026074091543086965,-0.015482780787072532,0.018078278177032607,-0.015340050000283312,0.010792145623567869,0.09958250745996206,0.013282959907896299,0.09958250745996206,0.013282959907896304,0.10263228100123098,0.019457596945619604,0.01624805335014404
acs_income_ca_2018,logistic_regression,ExponentiatedGradient_EO,sex,required,30,0.7708166666666667,0.0046885835912303005,0.7302274347750494,0.007930184152531272,0.700901120311739,0.00992969153546681,0.7152011661752808,0.006016852138123206,-0.04657422174676409,0.011726700090381816,0.8885862680172033,0.025634328970626525,0.011116481353337959,0.012263709722889855,0.015742024952204076,0.009090062176520346,0.04686356109292516,0.006749277673118336,0.04686356109292515,0.00674927767311833,0.04657422174676409,0.013629997357513525,0.01583629328462648
acs_income_ca_2018,logistic_regression,baseline,age_group,required,30,0.7706633333333333,0.004539518684294347,0.7316431900900254,0.006779118070700709,0.6972479298587432,0.006144444301517752,0.7140152832606751,0.005451218016704628,-0.21793521359668194,0.007674360551850227,0.5434086380102685,0.012689332850635162,-0.13839808456770203,0.013023572059285518,-0.12264526270875588,0.008503331458639593,0.23389248071571783,0.009663059429329627,0.23389248071571786,0.00966305942932963,0.21793521359668194,0.13839808456770203,0.12264526270875588
acs_income_ca_2018,logistic_regression,baseline,sex,required,30,0.7706633333333333,0.004539518684294347,0.7316431900900254,0.006779118070700709,0.6972479298587432,0.006144444301517752,0.7140152832606751,0.005451218016704628,-0.02309139025985512,0.009853749218752208,0.9429081071628284,0.023690795352545247,0.04038249820837996,0.010544401260312546,0.040337571400671804,0.006885647054617147,0.040225838176519695,0.006590100525875316,0.040225838176519695,0.0065901005258753136,0.02309139025985512,0.04038249820837996,0.040337571400671804
acs_income_ca_2018,logistic_regression,equalized_odds,age_group,required,30,0.7337500000000001,0.005771496548885149,0.6916335989167993,0.00827615940129982,0.6345591816853385,0.011613279564501046,0.6618087156704731,0.008133921557640797,-0.08875157857431278,0.009432330976039105,0.7846204902858339,0.02093379433721198,-0.002238455314406974,0.01737020590548907,-0.0010824642664968498,0.010199979995020633,0.0814605569359347,0.0072736158065097945,0.08146055693593471,0.007273615806509804,0.08875157857431278,0.014114756631162111,0.007596382824097836
acs_income_ca_2018,logistic_regression,equalized_odds,sex,required,30,0.7619866666666666,0.005217195265349155,0.7166009693234209,0.009114329798023766,0.6955918168533852,0.008556167662286772,0.7058789154483757,0.005789175723976523,-0.058781250398441336,0.01319468876572928,0.8626291860189027,0.02882078346588224,0.0057583036006202595,0.01569579352165962,0.002802311807825691,0.011249226725575346,0.05428635459584064,0.00953291210877336,0.05428635459584064,0.00953291210877337,0.058781250398441336,0.012821618382758214,0.008171735621065598
acs_income_ca_2018,logistic_regression,reweighing,age_group,required,30,0.7724333333333334,0.004646714325519535,0.7350639564665546,0.006865422205773886,0.6970449748335769,0.005821940614850652,0.7155371575252469,0.005551850537418988,-0.20652762731220203,0.007480155073334281,0.5613913057065331,0.01316624128614636,-0.12596084861579132,0.013563336460164131,-0.11016123901239074,0.008242644982098498,0.22031460230846273,0.009624995525863886,0.22031460230846275,0.009624995525863883,0.20652762731220203,0.12596084861579132,0.11016123901239074
acs_income_ca_2018,logistic_regression,reweighing,sex,required,30,0.7704433333333333,0.00471853888353189,0.7302400552491791,0.007097925705092709,0.6993099529144343,0.005766715503607619,0.7144254874003143,0.0055137342612255865,-0.017872451246590253,0.009674523352690579,0.9558068964871089,0.023510595182165073,0.04715295301678772,0.010945422047835576,0.04590593741530004,0.006934229951011472,0.038868764737528747,0.0064477887593712944,0.03886876473752875,0.006447788759371284,0.01797084407804307,0.04715295301678772,0.04590593741530004
acs_income_ca_2018,mlp,baseline,age_group,optional_main_grid_extension,30,0.7886466666666666,0.0043321359972709255,0.7517121980083097,0.010579628542571608,0.7252232505276829,0.019512182002089155,0.7379720343040977,0.0076510801000504395,-0.20468432436161385,0.011203858654793812,0.5708698018668354,0.017850460647599656,-0.10174905981363834,0.016559955872725858,-0.09743665972715407,0.0101792982602667,0.20825006050889266,0.012511559884837957,0.2082500605088927,0.012511559884837957,0.20468432436161385,0.10174905981363834,0.09743665972715407
acs_income_ca_2018,mlp,baseline,sex,optional_main_grid_extension,30,0.7886466666666666,0.0043321359972709255,0.7517121980083097,0.010579628542571608,0.7252232505276829,0.019512182002089155,0.7379720343040977,0.0076510801000504395,-0.05085542515993144,0.012066835989847024,0.879370166648796,0.026044005245279476,0.015578789058535545,0.012137829748586855,0.016730915670036015,0.008844633512603492,0.051776401877058925,0.00800530339228465,0.051776401877058946,0.008005303392284639,0.05085542515993144,0.018082348824022355,0.017538000173077845
acs_income_ca_2018,mlp,equalized_odds,age_group,optional_main_grid_extension,30,0.7555133333333335,0.006222081552870759,0.7075512901665297,0.010122367795539908,0.6902419223899984,0.023501069959945057,0.6984882014438288,0.011123413382930535,-0.10079398587349046,0.010305913494041695,0.7712277149887034,0.020249966227498868,-0.0002989882013158597,0.021264682380926492,-0.0016243410058334035,0.011339025093059724,0.08919062322521719,0.00857557203221259,0.08919062322521717,0.0085755720322126,0.10079398587349046,0.017815660698912484,0.009380561317169323
acs_income_ca_2018,mlp,equalized_odds,sex,optional_main_grid_extension,30,0.7836499999999998,0.005316581089643857,0.740042133904031,0.010949568024604579,0.7298506251014777,0.0172867028907934,0.7347060455240952,0.007530097628570244,-0.06476468990157107,0.011934503747845274,0.8517157781438033,0.02446540195863404,0.002158380998387282,0.011552890629695268,0.0019981954879245917,0.008224831830446542,0.05710506846737388,0.00905948680633893,0.05710506846737388,0.00905948680633893,0.06476468990157107,0.009029888067121157,0.006341474044606521
acs_income_ca_2018,mlp,reweighing,age_group,optional_main_grid_extension,30,0.7860766666666666,0.0048026345739161464,0.7488405378635576,0.0134745712990184,0.7218704335119338,0.025363647728328644,0.7346558286173351,0.009252981068375342,-0.1923391028982298,0.0078467964875866,0.5919421511117849,0.019584453544529354,-0.08415941478283973,0.019574475978671717,-0.08441530662366478,0.008826797697881287,0.1922429182982373,0.012202704891331809,0.1922429182982373,0.012202704891331809,0.1923391028982298,0.08415941478283973,0.08441530662366478
acs_income_ca_2018,mlp,reweighing,sex,optional_main_grid_extension,30,0.7863533333333331,0.0043896220348904075,0.7430505624964623,0.012031697174376535,0.734096444227959,0.01953551397225738,0.7382559324150492,0.006594428964341483,-0.03787608981710055,0.012656706660520255,0.9108909026071459,0.029185966168046338,0.03361738522696031,0.010954386061875862,0.030577413035280117,0.008821026090236977,0.04779499636804881,0.007505136262150892,0.04779499636804882,0.0075051362621509,0.03787608981710055,0.03361738522696031,0.030577413035280117
acs_income_ca_2018,random_forest,baseline,age_group,required,30,0.7837299999999998,0.0038075378957518227,0.7419614596451592,0.005137738030735804,0.7256941061860691,0.0075256824050612585,0.7337159732284694,0.005051287252071089,-0.19633473180264707,0.008217758598795947,0.5902204914220481,0.013520698427511857,-0.08628048653412705,0.01345603053095321,-0.08858678874553977,0.008609754144506394,0.1952453789150665,0.010045231232654545,0.19524537891506652,0.01004523123265455,0.19633473180264707,0.08628048653412705,0.08858678874553977
acs_income_ca_2018,random_forest,baseline,sex,required,30,0.7837299999999998,0.0038075378957518227,0.7419614596451592,0.005137738030735804,0.7256941061860691,0.0075256824050612585,0.7337159732284694,0.005051287252071089,-0.0730788900137007,0.009197784650764195,0.8326450839466718,0.018794776135684647,-0.004293136372861888,0.011173089778612425,-0.006231898926690274,0.006715805534492658,0.06462963567471702,0.007996962304990028,0.06462963567471705,0.007996962304990026,0.0730788900137007,0.010064371252593823,0.00802036537924558
acs_income_ca_2018,random_forest,equalized_odds,age_group,required,30,0.7539933333333335,0.005323593117262141,0.7034173898970819,0.008218504498877045,0.6933674297775613,0.01353780011034418,0.6982575919683786,0.007444494122042311,-0.10104883898802666,0.013225776219554324,0.7731009744346793,0.026113947488377465,-0.006043955502355771,0.020554693251409992,-0.0033833567968431567,0.013478501826269963,0.08900795791356204,0.011736090043620206,0.08900795791356204,0.011736090043620213,0.10104883898802666,0.017237589417245524,0.010846377683655187
acs_income_ca_2018,random_forest,equalized_odds,sex,required,30,0.7787733333333334,0.0052984664881866326,0.7355764668987758,0.00753271225649602,0.7201737295015426,0.009521949194169045,0.7277537176890275,0.006688039042306684,-0.06384704916481353,0.013312627125704931,0.852597117377641,0.0289133885163111,0.002726008298738327,0.016319448795675533,0.0016997205927843533,0.009970344801134066,0.05819116950868745,0.010905804416805723,0.05819116950868746,0.010905804416805727,0.06384704916481353,0.013221554029177103,0.008293192218400147
acs_income_ca_2018,random_forest,reweighing,age_group,required,30,0.7837399999999999,0.004058418241222761,0.7420663701667871,0.005652634891115442,0.7255236239649293,0.006774753255352246,0.733684448874523,0.005102795126650048,-0.1938510286552565,0.008405224991730348,0.59446150909402,0.013868760972819994,-0.08381301448721033,0.013226083292214568,-0.08603272852243785,0.008763747484275249,0.19230881564272118,0.010237467843846562,0.19230881564272118,0.010237467843846564,0.1938510286552565,0.08381301448721033,0.08603272852243785
acs_income_ca_2018,random_forest,reweighing,sex,required,30,0.7832033333333333,0.003851330565718407,0.7412857179841602,0.005289986152548233,0.7250933593115765,0.006994211111326351,0.7330815429483175,0.004968650963734967,-0.06911033503537416,0.009866623707307069,0.841094748611356,0.020611526041667605,0.0020129903512728017,0.011552668166450463,-0.00194179396675663,0.007040303837180567,0.060716595610951364,0.007697572735752755,0.06071659561095136,0.007697572735752751,0.06911033503537416,0.00902041001773522,0.005830386002052177
acs_income_ca_2018,xgboost,baseline,age_group,optional_main_grid_extension,30,0.81414,0.004056123510327868,0.7760994648951016,0.005559172793128846,0.7693132001948367,0.0061597541331868105,0.7726793137677418,0.004980292090653448,-0.20937613199244023,0.007343978133347572,0.572367707589678,0.012738447453669666,-0.10340403160633009,0.013728136494733773,-0.0923468306082182,0.007976622223237584,0.20818982165432756,0.009407156877245785,0.20818982165432756,0.009407156877245785,0.20937613199244023,0.10340403160633009,0.0923468306082182
acs_income_ca_2018,xgboost,baseline,sex,optional_main_grid_extension,30,0.81414,0.004056123510327868,0.7760994648951016,0.005559172793128846,0.7693132001948367,0.0061597541331868105,0.7726793137677418,0.004980292090653448,-0.07911616485572609,0.01040018529201133,0.822209947934841,0.020916498284570293,0.0006411058845911099,0.010392056975684783,-0.003896205232442453,0.006910600700520234,0.06798571023427619,0.008629347578070743,0.06798571023427619,0.00862934757807075,0.07911616485572609,0.00857551595358369,0.0064611080626360735
acs_income_ca_2018,xgboost,equalized_odds,age_group,optional_main_grid_extension,30,0.7802466666666666,0.004581276236380323,0.7406669534638924,0.007243980136403905,0.7154164637116415,0.01249362404118724,0.7277390777373679,0.006676612720306012,-0.11208231378087491,0.011496406815470294,0.7459450126623945,0.02331300025371243,-0.006256533476251497,0.023698257011312816,-0.004008340602301953,0.012905458996562947,0.09923097626871863,0.011434483337948359,0.09923097626871863,0.011434483337948359,0.11208231378087491,0.019294672319761372,0.011491931636632785
acs_income_ca_2018,xgboost,equalized_odds,sex,optional_main_grid_extension,30,0.8086566666666666,0.005033589473577057,0.768926829880675,0.007508705184794593,0.7635005682740704,0.007529427513836857,0.7661779566887322,0.005988455320889339,-0.07245191230228584,0.013754264232385158,0.8364147512082372,0.028830364882668158,0.0007918729495286937,0.014941684868953342,0.0006301472010363968,0.01099127500683466,0.0641319719744872,0.01182701694425119,0.06413197197448722,0.011827016944251183,0.07245191230228584,0.011123280673729747,0.00936744613017053
acs_income_ca_2018,xgboost,reweighing,age_group,optional_main_grid_extension,30,0.8122333333333335,0.004167140202976657,0.7759727650772702,0.006184884558377455,0.7630297126156844,0.005348078381493357,0.7694349388336229,0.004892182456570495,-0.19672052634827192,0.008304334740838694,0.5913627803302481,0.014684683822090502,-0.08641056031361935,0.014636843137658005,-0.07917484312156779,0.008426701083950081,0.19273578736330282,0.010310981955823632,0.19273578736330282,0.010310981955823641,0.19672052634827192,0.08641056031361935,0.07917484312156779
acs_income_ca_2018,xgboost,reweighing,sex,optional_main_grid_extension,30,0.8125266666666667,0.003966317960138791,0.7739287002564023,0.005712989237703872,0.7677057963955188,0.006439621555367162,0.7707877542910839,0.004864689260699193,-0.05677530981497832,0.011284514289153242,0.8695610436880725,0.02384109335472614,0.02706572479199402,0.012463249203815457,0.019073644930556685,0.008388149391625877,0.058338408962364134,0.006099196848805366,0.05833840896236416,0.006099196848805363,0.05677530981497832,0.02706572479199402,0.019073644930556685
adult,gradient_boosting,baseline,age_group,optional_main_grid_extension,30,0.8617943599979528,0.00372241141009195,0.7848616441500839,0.0115287041623395,0.5869260204081631,0.011704811856050138,0.6715376938495506,0.009591212566267606,-0.1698808319270986,0.00757963867671998,0.3130357038650334,0.021143687394043,-0.05442781762446004,0.0323247424385715,-0.04817927829573036,0.016025340630366657,0.24001422757530688,0.016482496846554857,0.2400142275753069,0.016482496846554857,0.1698808319270986,0.05503250394343207,0.04817927829573036
adult,gradient_boosting,baseline,race,optional_main_grid_extension,30,0.8617943599979528,0.00372241141009195,0.7848616441500839,0.0115287041623395,0.5869260204081631,0.011704811856050138,0.6715376938495506,0.009591212566267606,-0.07462689485153659,0.014008215730814799,0.6100130409701109,0.06842839085674757,-0.030535449496029786,0.04804252295273893,-0.024273007438349613,0.024156047080905598,0.13473376929205214,0.027480471442750176,0.13473376929205214,0.027480471442750176,0.07462689485153659,0.045482543963323394,0.028838679323459324
adult,gradient_boosting,baseline,sex,optional_main_grid_extension,30,0.8617943599979528,0.00372241141009195,0.7848616441500839,0.0115287041623395,0.5869260204081631,0.011704811856050138,0.6715376938495506,0.009591212566267606,-0.16588991469375955,0.008094994824210184,0.29344314166437846,0.024404727944202616,-0.09778467808164099,0.03038810435744077,-0.07757175243761817,0.01568981252954753,0.26195080088716005,0.017990265018794152,0.26195080088716005,0.01799026501879414,0.16588991469375955,0.09778467808164099,0.07757175243761817
adult,gradient_boosting,equalized_odds,age_group,optional_main_grid_extension,30,0.843344081068632,0.004499425781827092,0.725033759194998,0.012706720763303647,0.5631377551020408,0.02240077132128571,0.6336098190379045,0.01467245633481549,-0.11910364135443176,0.013518074844420051,0.49236408032974055,0.03983791820588501,-0.0024954512586058664,0.04986274607785037,-0.0006403052625173533,0.0253019880384641,0.1713338136598296,0.01722824918442628,0.1713338136598296,0.01722824918442628,0.11910364135443176,0.038711740388038755,0.01988395322658846
adult,gradient_boosting,equalized_odds,race,optional_main_grid_extension,30,0.8540611085521264,0.0056768303786161696,0.7745657724554688,0.012928275338991461,0.5558248299319728,0.029766124746898555,0.6467055130630046,0.02076405549835891,-0.049199890701660275,0.015621049441360087,0.7283374575260712,0.07903281252065408,0.006805306626487353,0.05804065788516436,0.00414962551203478,0.029275804497231505,0.09706799071526155,0.027276056429973033,0.09706799071526154,0.027276056429973033,0.049199890701660275,0.04410061811349397,0.02330891157196298
adult,gradient_boosting,equalized_odds,sex,optional_main_grid_extension,30,0.836982445365679,0.004880203386773093,0.7241004308585156,0.013696434471324423,0.5220663265306122,0.02540917273712605,0.6063113087159798,0.017378793063182327,-0.0896376137658374,0.011420973952243466,0.559537578544684,0.04260459367502501,0.008517740858411341,0.03319591582784559,0.00403398596205854,0.017459964104190952,0.14250714826974986,0.01424518152458104,0.1425071482697498,0.014245181524581041,0.0896376137658374,0.026277862123958384,0.01365069573388762
adult,gradient_boosting,reweighing,age_group,optional_main_grid_extension,30,0.8608731255437843,0.0036906102785759895,0.7914885844648947,0.011656218110913422,0.573235544217687,0.01267909635362104,0.6648173622922013,0.010073913387464873,-0.16006951773603506,0.007785036372351358,0.3267259731508885,0.02258540671712484,-0.035698787044322625,0.030851138313341304,-0.03579816807119026,0.01566196763732575,0.22689713103707504,0.015959540546339634,0.22689713103707504,0.015959540546339645,0.16006951773603506,0.038446811491963384,0.03579816807119026
adult,gradient_boosting,reweighing,race,optional_main_grid_extension,30,0.8618967193817493,0.0035440902900451075,0.7868379236617695,0.010949301191352167,0.584906462585034,0.011096576456616197,0.6709437241491404,0.009200526054341449,-0.0674470386803933,0.013769703702442121,0.6436587550256282,0.06853335550795231,-0.012191636739553301,0.04739855120650225,-0.012662352366459023,0.023613557379246548,0.12112549278175419,0.02416618512817343,0.12112549278175418,0.02416618512817343,0.0674470386803933,0.03870318755650334,0.022010499915748383
adult,gradient_boosting,reweighing,sex,optional_main_grid_extension,30,0.8577306924612315,0.003871604271385586,0.7742231884519529,0.011795049546054912,0.5775935374149659,0.011990326199462244,0.6615324002706544,0.010084384345302174,-0.08355783246856431,0.009745605638166004,0.5971477489201776,0.04189530851520326,0.16890052637862146,0.03037624417157141,0.08232602791453658,0.016208471561329724,0.1844091594603862,0.009948114971862466,0.1844091594603862,0.009948114971862461,0.08355783246856431,0.16890052637862146,0.08232602791453658
adult,logistic_regression,ExponentiatedGradient_DP,age_group,required,30,0.7942064588771174,0.003736274646504406,0.6409876218771943,0.021812899181318405,0.3327380952380952,0.025652167737119827,0.437178898621166,0.019796420027052876,-0.016381114951458484,0.008005684071996191,0.8749229628504757,0.0607966223372512,0.039636801454367744,0.026233792505239672,0.0478945648832122,0.013054168584187113,0.057942859052929216,0.0156397797048523,0.05794285905292922,0.015639779704852294,0.01664440118013475,0.04030104404768241,0.0478945648832122
adult,logistic_regression,ExponentiatedGradient_DP,race,required,30,0.8442243717692821,0.003614034342977294,0.7335864943218972,0.010533325311883885,0.5543367346938773,0.010562569394933254,0.6314373469494708,0.009234613628664456,-0.015159325712946526,0.018108240855835584,0.9190005477768485,0.09823691024769367,0.05635806175723498,0.05188044479657155,0.04354822314881053,0.02633667677594934,0.05889752220512886,0.020649812487384286,0.05889752220512888,0.020649812487384296,0.01917936346471583,0.06656979474029458,0.04607223248275926
adult,logistic_regression,ExponentiatedGradient_DP,sex,required,30,0.8333128614565741,0.0037094497505942366,0.7350179640777079,0.01141076899342391,0.4811437074829932,0.013092266280028226,0.5814926659048424,0.011375169759874557,-0.013460234479796888,0.01173247895511386,0.918936337953553,0.07215014651835695,0.2985641239433146,0.03063745662130025,0.16734424415468566,0.016958446411943346,0.14393268063361225,0.013609816996942225,0.14393268063361225,0.013609816996942222,0.015442023536561508,0.2985641239433146,0.16734424415468566
adult,logistic_regression,ExponentiatedGradient_EO,age_group,required,30,0.838589487691284,0.0032097742585955945,0.7147280325088982,0.009878948209439912,0.548639455782313,0.011146012148731415,0.6206900011362145,0.00850554287737293,-0.13361182652409773,0.008861600677828808,0.43822485265118927,0.025552755632494296,-0.020745567372246854,0.03516024473232108,-0.01988354701489913,0.016726364178641203,0.1878855389210104,0.01339338777695051,0.18788553892101043,0.013393387776950504,0.13361182652409773,0.03412178779691406,0.022033394014218815
adult,logistic_regression,ExponentiatedGradient_EO,race,required,30,0.8483648088438509,0.0038234323468227774,0.7377590304869293,0.010061384732495222,0.5743409863945578,0.011964975138275623,0.6458208373141983,0.010049613977259533,-0.06265580048416526,0.016053519550613744,0.6820412646477855,0.07829375958572282,-0.003614812886491714,0.048968683515557845,-0.007946547829008825,0.024864322822944904,0.10921085135655084,0.024743465415326942,0.10921085135655084,0.024743465415326935,0.06265580048416526,0.03570268999581607,0.020526179594007474
adult,logistic_regression,ExponentiatedGradient_EO,sex,required,30,0.8394544244843647,0.0040146534381816775,0.7208285930049019,0.015381152435396143,0.5443239795918368,0.01263440208592142,0.6200990182584161,0.009389819189522973,-0.10591324575880273,0.011088311576929487,0.5117376456556125,0.045901924486314735,0.010756428665799187,0.04792157378819555,-0.00274331934176271,0.024846866688113083,0.1627322237885431,0.018084481388521416,0.1627322237885431,0.018084481388521423,0.10591324575880273,0.03869543476924091,0.01805786028174112
adult,logistic_regression,baseline,age_group,required,30,0.8489124315471623,0.0037074769264915613,0.7351578404260118,0.010810192985431195,0.5823341836734693,0.012550422777890964,0.6497959394998265,0.009577997743743634,-0.17293225047026914,0.007458185301686755,0.33271735325509766,0.019516316404466386,-0.04399284838657531,0.029654796590074386,-0.048817244580966944,0.014219117407895871,0.2335558209913415,0.014372130225454515,0.2335558209913415,0.01437213022545451,0.17293225047026914,0.0451911421692276,0.048817244580966944
adult,logistic_regression,baseline,race,required,30,0.8489124315471623,0.0037074769264915613,0.7351578404260118,0.010810192985431195,0.5823341836734693,0.012550422777890964,0.6497959394998265,0.009577997743743634,-0.08121504096377322,0.013885638046470757,0.5997625006121008,0.06381901984468717,-0.046454238718634785,0.04618312419197744,-0.03590066584701416,0.02342740956116582,0.1433332942290652,0.028972029084671603,0.14333329422906524,0.02897202908467161,0.08121504096377322,0.054416832622184504,0.037463803942403874
adult,logistic_regression,baseline,sex,required,30,0.8489124315471623,0.0037074769264915613,0.7351578404260118,0.010810192985431195,0.5823341836734693,0.012550422777890964,0.6497959394998265,0.009577997743743634,-0.1684861953936376,0.010551901275143652,0.31625273455540676,0.02829529147996315,-0.08507585352629146,0.03682461458820446,-0.07632030758389044,0.01968550537183269,0.25340740548710317,0.022067672298592612,0.25340740548710317,0.02206767229859261,0.1684861953936376,0.08507585352629146,0.07632030758389044
adult,logistic_regression,equalized_odds,age_group,required,30,0.8285787399559853,0.0043675161611769105,0.6699703770927389,0.011559334772469504,0.5679846938775509,0.019901990560417752,0.6145585506793281,0.01277554862743289,-0.1168631482405947,0.01038383400988341,0.5336502238099374,0.03097024920309656,-0.007021399616900969,0.045714537828171205,-0.003592909454317126,0.0218541336738815,0.15947803711316158,0.01398760164427329,0.15947803711316158,0.01398760164427329,0.1168631482405947,0.037266638070842996,0.017432585951146072
adult,logistic_regression,equalized_odds,race,required,30,0.8403142433082554,0.005068390949934329,0.7237174012942336,0.011021021062197059,0.544876700680272,0.02815228338967913,0.62126722502706,0.01898595016738602,-0.04377482918392643,0.015506103110628089,0.7683674590482408,0.07697561492352313,0.005640359092465494,0.057956585877442124,0.0053098926558215334,0.028927905115234354,0.08652563812369513,0.022277714936854705,0.08652563812369513,0.0222777149368547,0.04377482918392643,0.04611622788978233,0.024578954469312568
adult,logistic_regression,equalized_odds,sex,required,30,0.8240493372229898,0.004591232397813388,0.6712932938381942,0.011704798267166434,0.5279336734693877,0.027535703512009745,0.5906086411452601,0.01737588530022737,-0.08619747571744787,0.013607356691153358,0.6053153570579775,0.04948260627236236,0.014905675366219092,0.041594252665100424,0.007238421141553255,0.021444824508392368,0.13344471143100975,0.016643147549378824,0.1334447114310098,0.016643147549378817,0.08619747571744787,0.03473257684349979,0.01816415022106901
adult,logistic_regression,reweighing,age_group,required,30,0.8499718511694557,0.003513914462392305,0.7474673688015625,0.009606240083001491,0.5691751700680272,0.011879156093963755,0.6461872355678235,0.009538283254942569,-0.1627723148922498,0.007648275334273024,0.3430600787836937,0.021476815222582015,-0.029808225700388255,0.032633569320186566,-0.037658886210727584,0.01598041180219817,0.22367091896668906,0.014394511546361474,0.2236709189666891,0.014394511546361458,0.1627723148922498,0.03731255354747255,0.037658886210727584
adult,logistic_regression,reweighing,race,required,30,0.8489380213931111,0.0036407137947691622,0.737358290918465,0.009718902226718973,0.5787202380952382,0.01190268692541379,0.6484192822741011,0.009608170856695717,-0.0710799822599332,0.015135715446632619,0.6441839954432653,0.07183925788461451,-0.020472839045998035,0.04726155365626068,-0.019538544028784126,0.023819646000951447,0.12354192635230542,0.02652360067391992,0.12354192635230545,0.026523600673919918,0.0710799822599332,0.0412794805149203,0.025992238077633394
adult,logistic_regression,reweighing,sex,required,30,0.8456164593889146,0.004083169976025743,0.7397294732485906,0.012086614555140844,0.5535926870748299,0.011134114694834238,0.6332142189527143,0.010213980119407993,-0.08346676510536905,0.010052297721810993,0.5988016649351321,0.041757912632810035,0.16133208941580382,0.030453358648001288,0.07531357058061051,0.016430693152665578,0.18032769004166288,0.01001769722700857,0.18032769004166294,0.010017697227008565,0.08346676510536905,0.16133208941580382,0.07531357058061051
adult,mlp,baseline,age_group,optional_main_grid_extension,30,0.8498848456932289,0.00356180302509684,0.734544149698275,0.022841776649565795,0.5927933673469388,0.03791319568241047,0.6548031851544338,0.015700224415634807,-0.178016055158619,0.016521246567016094,0.32849894103579935,0.020933138198605556,-0.05877967285838117,0.029558829129365614,-0.0568823791749274,0.016587730173511995,0.2415274932262593,0.016222669334901903,0.2415274932262593,0.016222669334901903,0.178016055158619,0.05971047960729003,0.0568823791749274
adult,mlp,baseline,race,optional_main_grid_extension,30,0.8498848456932289,0.00356180302509684,0.734544149698275,0.022841776649565795,0.5927933673469388,0.03791319568241047,0.6548031851544338,0.015700224415634807,-0.08356510007374825,0.014388454085621984,0.5953659101314999,0.06590810180977602,-0.043908236074337,0.0458852064329874,-0.035753366805804626,0.022969208954133853,0.14371531453551115,0.029734188030438143,0.14371531453551115,0.02973418803043814,0.08356510007374825,0.049766456245945015,0.03689561195385124
adult,mlp,baseline,sex,optional_main_grid_extension,30,0.8498848456932289,0.00356180302509684,0.734544149698275,0.022841776649565795,0.5927933673469388,0.03791319568241047,0.6548031851544338,0.015700224415634807,-0.17194223179585402,0.017365450009628306,0.3159263849197374,0.035765993441172345,-0.0814363005992329,0.04732335328204721,-0.07587255686992932,0.02511962284445323,0.25398800762085916,0.02692519288004246,0.2539880076208591,0.026925192880042453,0.17194223179585402,0.08406362673739062,0.07587255686992932
adult,mlp,equalized_odds,age_group,optional_main_grid_extension,30,0.8284661446338093,0.006142013039628974,0.6709624136279364,0.02704960831119168,0.5695578231292517,0.034944907438895965,0.6147973307811274,0.015516466027106494,-0.1155016067011828,0.013429821217203626,0.5387526825406412,0.03993092834212624,-0.003374991092194566,0.04540058751950978,-0.001091747892277787,0.02296937253610694,0.15819907443998177,0.01608760837681305,0.15819907443998177,0.01608760837681305,0.1155016067011828,0.03748380371490902,0.01856356988447634
adult,mlp,equalized_odds,race,optional_main_grid_extension,30,0.8412508316699936,0.0060081407504191135,0.7242257349236445,0.0261032428844939,0.5533163265306122,0.04030546826449582,0.6259081011835446,0.022920565074540513,-0.047033034166236276,0.015925898438013304,0.7528910120429302,0.08475562256848852,0.006465466922690599,0.06032170968789967,0.004076715373870557,0.030042609594175224,0.0926600960678911,0.023367110393367137,0.0926600960678911,0.023367110393367137,0.047033034166236276,0.05104776141788062,0.025450600730377883
adult,mlp,equalized_odds,sex,optional_main_grid_extension,30,0.8264547827422078,0.0061861590781607375,0.6733297096199361,0.026282560064915354,0.5474914965986394,0.043141908111160435,0.6022485200571487,0.021687027509563327,-0.08915634094722188,0.01329931341072635,0.6050557257049741,0.044463225707622116,0.01068469999269409,0.02908368106371442,0.0057131182655689354,0.01490389739903924,0.1305792400840456,0.014771964022146849,0.1305792400840456,0.014771964022146856,0.08915634094722188,0.024856795096799455,0.013359549997135066
adult,mlp,reweighing,age_group,optional_main_grid_extension,30,0.8334356927171298,0.006043505722537165,0.6908814997810271,0.019859712677635057,0.5591836734693878,0.024662303118142173,0.6176077375204584,0.015960306115118176,-0.16206415755550058,0.009965155711711568,0.37446182544076473,0.022877902312239136,-0.027946556132637492,0.027939887441369125,-0.04079093882434088,0.015363290576662435,0.2151222357058798,0.01416613305966226,0.21512223570587985,0.014166133059662257,0.16206415755550058,0.0320956718844425,0.04079093882434088
adult,mlp,reweighing,race,optional_main_grid_extension,30,0.8355801218076666,0.005932683311045573,0.6898376132814996,0.024281621140264973,0.5791666666666667,0.029701975032380895,0.6288095151758325,0.015312287226538919,-0.07454973952332518,0.014435435114323094,0.6516193401348864,0.055684660926339974,-0.028393116506129558,0.045904244380702314,-0.025853624283479575,0.02344920254373001,0.12327736484214712,0.02749806345782357,0.12327736484214714,0.02749806345782356,0.07454973952332518,0.04156083963357845,0.02861822034657132
adult,mlp,reweighing,sex,optional_main_grid_extension,30,0.8316085777163621,0.004804322937737776,0.6891124256764567,0.01778147090835556,0.5492134353741496,0.02534975676348018,0.6107142580651435,0.014385606352191166,-0.09557483820511153,0.01338932613184704,0.5735065917240891,0.04424738901869067,0.11703832387072009,0.031815771827505564,0.04691844715358285,0.01740057681647027,0.17150625437633138,0.012677804034894638,0.17150625437633138,0.012677804034894645,0.09557483820511153,0.11703832387072009,0.04691844715358285
adult,random_forest,ExponentiatedGradient_DP,sex,required,30,0.8152054864629716,0.004614755990096657,0.6442446855100045,0.012292494924383056,0.5192602040816326,0.01625393452754888,0.5749177916660213,0.012666286181516955,-0.030983395314941167,0.012623077484672543,0.8493254344817499,0.059934840155849385,0.1884970177077017,0.03593838436386453,0.11112718473232505,0.019559722789444782,0.12142281704262256,0.013111662613811555,0.12142281704262256,0.013111662613811564,0.03169356411900561,0.1884970177077017,0.11112718473232505
adult,random_forest,ExponentiatedGradient_EO,sex,required,30,0.8420134090792772,0.00404189641188997,0.7141892925183301,0.011562932732994588,0.5733205782312926,0.011842203040181645,0.6359795555471744,0.009854342240139346,-0.1498339892650711,0.009286224627344325,0.38286582015984416,0.02888730381362485,-0.07587525655741281,0.03538127464328523,-0.06285976966808358,0.018813420842461008,0.22642579883268082,0.020980262908752295,0.2264257988326808,0.0209802629087523,0.1498339892650711,0.07587525655741281,0.06285976966808358
adult,random_forest,baseline,age_group,required,30,0.8447873483801627,0.004565997493315049,0.7071466132386469,0.012371182512818888,0.6066964285714286,0.01339144332539526,0.6529957342824005,0.010725432021338608,-0.1792115537024967,0.008627164011571339,0.354269481464609,0.02126037667547904,-0.051361850408833856,0.03027809913700839,-0.05411654607009046,0.01599451659712927,0.23282431596983033,0.01592314297398653,0.23282431596983036,0.015923142973986528,0.1792115537024967,0.0522386455713433,0.05411654607009046
adult,random_forest,baseline,race,required,30,0.8447873483801627,0.004565997493315049,0.7071466132386469,0.012371182512818888,0.6066964285714286,0.01339144332539526,0.6529957342824005,0.010725432021338608,-0.08433807951221196,0.013842420999330292,0.6150816305292802,0.060479023594269474,-0.03441068162383221,0.047940165660590686,-0.03225121523231702,0.023879232679784316,0.13753389824713957,0.02667730238405591,0.1375338982471396,0.026677302384055898,0.08433807951221196,0.04585374989804994,0.03502539410757664
adult,random_forest,baseline,sex,required,30,0.8447873483801627,0.004565997493315049,0.7071466132386469,0.012371182512818888,0.6066964285714286,0.01339144332539526,0.6529957342824005,0.010725432021338608,-0.17069326420746928,0.010792644034059136,0.3509449623929066,0.029352752677204403,-0.08103155062413568,0.03984975435205321,-0.07461596249139654,0.021392592686150427,0.24384895373252366,0.023608125596622002,0.24384895373252372,0.023608125596621992,0.17069326420746928,0.08103155062413568,0.07461596249139654
adult,random_forest,equalized_odds,age_group,required,30,0.8219970315778702,0.005370664812665493,0.6417044757162033,0.015255784580513477,0.5914753401360546,0.016936205328191983,0.6153298779875289,0.01077203170269275,-0.11773644830408111,0.012298472632210332,0.5621395287281543,0.03620498047346489,-0.007301514521404779,0.043508017566588314,-0.0031278541458104733,0.022599738807500283,0.1528331565461746,0.014318408975350406,0.15283315654617458,0.014318408975350414,0.11773644830408111,0.03660046022698916,0.019135246381782586
adult,random_forest,equalized_odds,race,required,30,0.8369926813040587,0.006023059415438327,0.6930018596299587,0.012914297835656313,0.5798469387755102,0.028503271632816924,0.631051566711766,0.01943221626166194,-0.047924017533239334,0.016271322835035833,0.7721884222580949,0.07134603414901018,0.010275230005295845,0.05995149549101972,0.0059050380004716995,0.0295239646635099,0.08662887632290786,0.023069123367705134,0.08662887632290786,0.02306912336770512,0.047924017533239334,0.04712546938187898,0.02365444063460812
adult,random_forest,equalized_odds,sex,required,30,0.8199344899943702,0.006098218384271012,0.6456945330740014,0.014642852020225052,0.5592687074829932,0.029337658962074385,0.5989504859193424,0.01871674151891003,-0.08907988452190688,0.014209346786865536,0.627245459786648,0.042964503866247124,0.010343303767974136,0.04544377548765417,0.005558461898343404,0.024258617207168726,0.13020291772247486,0.01569890693929581,0.13020291772247486,0.01569890693929581,0.08907988452190688,0.03833858731342141,0.02063865884121902
adult,random_forest,reweighing,age_group,required,30,0.843927529556272,0.00433182349231287,0.7131376288862193,0.011266913549757538,0.5885204081632653,0.012498967700699665,0.6448076635408763,0.010626831316112697,-0.1697379656803705,0.008554576700086991,0.3616770581136318,0.022983764838614307,-0.042237745450768624,0.028813068536529995,-0.046406463048276766,0.014978619675177399,0.22446350501795778,0.01564140581803504,0.2244635050179578,0.01564140581803505,0.1697379656803705,0.043386649456815474,0.046406463048276766
adult,random_forest,reweighing,race,required,30,0.845365678898613,0.004386830482019414,0.7114308245658845,0.011953998669662394,0.6020195578231291,0.013019001322861384,0.652087323024712,0.010456988227469214,-0.07922686185597864,0.01433033275059915,0.6324426060019842,0.06394345477127997,-0.02228918290445012,0.04665104578140327,-0.024454238042337702,0.02364943572327182,0.1285807817378666,0.02575799783624063,0.12858078173786663,0.025757997836240647,0.07922686185597864,0.038777573601730994,0.02876129749574099
adult,random_forest,reweighing,sex,required,30,0.8440913045703466,0.003968669082657702,0.7139120784928471,0.011177529019859859,0.5882440476190476,0.011637918429087126,0.644947295028103,0.009524183459982948,-0.12855361485758546,0.010837983159533117,0.46658072949188323,0.0357621565249391,0.03414138053869628,0.03825949155343883,-0.00255068048724863,0.02054481408830743,0.18021475155591282,0.008983992581714891,0.18021475155591282,0.008983992581714895,0.12855361485758546,0.04112424508820703,0.017761875769742086
adult,xgboost,baseline,age_group,optional_main_grid_extension,30,0.8677107323813911,0.003706625365148195,0.7757802933066468,0.010438338364171768,0.6338010204081633,0.01263512361883576,0.6975590729281317,0.009418707273470734,-0.18622819320536885,0.008134566066572512,0.31128619420438286,0.021744830208591935,-0.06977857776566448,0.03402559639786836,-0.058817839273699234,0.01787290989949966,0.2510710489584372,0.01773170102213662,0.2510710489584372,0.017731701022136608,0.18622819320536885,0.07052435755906332,0.058817839273699234
adult,xgboost,baseline,race,optional_main_grid_extension,30,0.8677107323813911,0.003706625365148195,0.7757802933066468,0.010438338364171768,0.6338010204081633,0.01263512361883576,0.6975590729281317,0.009418707273470734,-0.08349287257269027,0.014675771294514953,0.6010092859306166,0.06618441588620755,-0.039623938896093946,0.050563514637268915,-0.030852799965047653,0.025651862804088165,0.14254642524706448,0.02933266714960798,0.14254642524706448,0.02933266714960798,0.08349287257269027,0.053087902017676464,0.03461421232850785
adult,xgboost,baseline,sex,optional_main_grid_extension,30,0.8677107323813911,0.003706625365148195,0.7757802933066468,0.010438338364171768,0.6338010204081633,0.01263512361883576,0.6975590729281317,0.009418707273470734,-0.17524104981217511,0.00859138661532592,0.3115795599605716,0.021658635860017917,-0.08300356357675244,0.03334524863545743,-0.07232671556278746,0.017230486792186937,0.2547479422477858,0.018222898276063767,0.25474794224778585,0.01822289827606376,0.17524104981217511,0.08300356357675244,0.07232671556278746
adult,xgboost,equalized_odds,age_group,optional_main_grid_extension,30,0.8464916321203747,0.004246853278552445,0.7163313536066569,0.014672324225703661,0.6008290816326531,0.021020479422188813,0.6531862508135636,0.011864791282016241,-0.12788828537338634,0.012626219468001017,0.49420883686829475,0.03855902599551529,-0.007356644668495487,0.04504173854867065,-0.003695730832582969,0.023557297896846224,0.17321037542517279,0.01559057964942111,0.17321037542517279,0.015590579649421104,0.12788828537338634,0.0388765074193344,0.020285545776265113
adult,xgboost,equalized_odds,race,optional_main_grid_extension,30,0.8585598034699833,0.006155762214283921,0.7639293007703151,0.011973770019831444,0.5971513605442177,0.030552779397930607,0.6698857173726813,0.020675455518240776,-0.052639120973695164,0.018535709824799195,0.7341351873407805,0.08517108937452693,0.005635621772080198,0.06362322141558564,0.00364867476398864,0.0328407510267702,0.09824659385801328,0.027865033404269407,0.09824659385801328,0.027865033404269404,0.052639120973695164,0.04861313696589387,0.025869304833244743
adult,xgboost,equalized_odds,sex,optional_main_grid_extension,30,0.8429807052561542,0.005139876625510932,0.7140616921567039,0.012434929530540515,0.5805272108843538,0.02769747230766359,0.6400026293409625,0.01719127520653551,-0.0994347105436946,0.011553958021294473,0.5654621557888935,0.03930163951468929,0.009606225897765408,0.043951884689579696,0.004315938671128473,0.022099445559027212,0.14621470182524426,0.015286803441369949,0.14621470182524426,0.01528680344136995,0.0994347105436946,0.03380156848451528,0.017084684061660676
adult,xgboost,reweighing,age_group,optional_main_grid_extension,30,0.8661855775628229,0.003574238790171255,0.7887749904223639,0.012094598433835367,0.6068452380952379,0.011594754920359274,0.685859207772617,0.008884858869058638,-0.17075011918139707,0.008148951697326481,0.32464811558646506,0.02342829642802011,-0.03951364279705258,0.03549871032129682,-0.03955736113255525,0.018419185975437284,0.232627054758569,0.0171764070285848,0.232627054758569,0.01717640702858481,0.17075011918139707,0.044848854306788914,0.03955736113255525
adult,xgboost,reweighing,race,optional_main_grid_extension,30,0.867480423767849,0.0037629443238512833,0.7796636825150528,0.012169077352951191,0.6268920068027212,0.011604125674726358,0.6948902481524778,0.008934876668589645,-0.07225029191707752,0.014991744504521946,0.6470498322680286,0.06875854819057127,-0.01259538118880196,0.04661411666479198,-0.013510165306634089,0.02338210204354762,0.12102393057778124,0.025195708568077065,0.12102393057778126,0.02519570856807707,0.07225029191707752,0.03706240322024093,0.02183285944183518
adult,xgboost,reweighing,sex,optional_main_grid_extension,30,0.8633399866932803,0.0028155536049815854,0.7820733314949956,0.009336143690660843,0.5995110544217687,0.009589731124103353,0.6786683979666955,0.00720657215244129,-0.08773188034849447,0.010643498614416907,0.5897087684503062,0.043398169641481764,0.17054693932332576,0.028128062956714054,0.08315078176529749,0.015444105036575815,0.1879302082467029,0.010158116322900045,0.1879302082467029,0.010158116322900042,0.08773188034849447,0.17054693932332576,0.08315078176529749
bank_uci,gradient_boosting,baseline,age_group,optional_main_grid_extension,30,0.9018410617463785,0.001914946138565359,0.6709437907206558,0.02593772226130592,0.2533405172413793,0.014993958449223434,0.36747793215296437,0.016721182180421307,0.05967260888021136,0.006299400609095883,2.952160958263392,0.20592533280609693,0.0983931775728155,0.02897196473570188,0.06277347973046198,0.014745553202349044,0.5432500561117202,0.061455786646994734,0.5432500561117202,0.06145578664699473,0.05967260888021136,0.0983931775728155,0.06277347973046198
bank_uci,gradient_boosting,baseline,job_group,optional_main_grid_extension,30,0.9018410617463785,0.001914946138565359,0.6709437907206558,0.02593772226130592,0.2533405172413793,0.014993958449223434,0.36747793215296437,0.016721182180421307,-0.008208974616532095,0.003619290740587261,0.8269658627894559,0.06857288038153196,-0.021046333387903144,0.02689130383407312,-0.01166829311444012,0.013347002600404438,0.05631642969678512,0.022703385967690438,0.056316429696785124,0.02270338596769043,0.008208974616532095,0.028938184485951247,0.015084422474113074
bank_uci,gradient_boosting,equalized_odds,age_group,optional_main_grid_extension,30,0.8888160556769442,0.003641232688599012,0.5178835847504316,0.0372962747965206,0.23250718390804595,0.019865038825414554,0.3198536313091298,0.01812015219613122,0.01865957898519781,0.0064822526869260915,1.4038336852978903,0.15666500448972187,0.0036005425414243767,0.036953165025373165,0.0014003881316349762,0.01825245825901653,0.11721400875713638,0.04302927676034316,0.11721400875713638,0.043029276760343155,0.01865957898519781,0.03114709214293831,0.015215678602519144
bank_uci,gradient_boosting,equalized_odds,job_group,optional_main_grid_extension,30,0.899898842761188,0.00221971473392936,0.6551855777901728,0.03240948867315427,0.23706896551724135,0.019561001904876234,0.3475270342861822,0.02149371519862666,-0.0021204829409113978,0.004352115310889437,0.9555878300143521,0.10116463123370036,0.0100538835160552,0.03297208298707495,0.005191926370291735,0.016166605262214744,0.03009248479922679,0.02384323909256719,0.030092484799226816,0.023843239092567168,0.0033580079313590932,0.026629267095962247,0.013105111559116348
bank_uci,gradient_boosting,reweighing,age_group,optional_main_grid_extension,30,0.9015456826090473,0.0019622425695306005,0.6857762284553773,0.028110112533633377,0.23318965517241377,0.013879688844995193,0.3477838158847663,0.016834677203870864,0.047876980234590846,0.005309293663476394,2.674177618727642,0.22594032255716276,0.06922578459808432,0.02793677076688819,0.04480858655465405,0.014036035136611624,0.45902224252874285,0.0659393921201956,0.45902224252874285,0.0659393921201956,0.047876980234590846,0.06922578459808432,0.04480858655465405
bank_uci,gradient_boosting,reweighing,job_group,optional_main_grid_extension,30,0.9019503115642956,0.0019619836085136254,0.6724765812864869,0.025247995524990147,0.2533764367816092,0.01568155314931852,0.3677516359393739,0.01775245374670201,-0.007492095206524233,0.0032586330115367524,0.8401175267820669,0.06436288109789436,-0.016489506299650812,0.024048989863392913,-0.009270338188105813,0.011776093349991709,0.05157833734239149,0.019228461590151742,0.05157833734239149,0.01922846159015173,0.0075597200676306864,0.02456879010121994,0.012758073956836919
bank_uci,logistic_regression,ExponentiatedGradient_DP,age_group,required,30,0.895990127053492,0.0014712704364884537,0.7316833431138897,0.038855301620135306,0.12119252873563213,0.010210077429337648,0.20781405003796485,0.015896415165692467,0.013121690313038937,0.004622866133145625,1.8290997680369536,0.31501954253598097,-0.009789762995602587,0.02262265863654757,-0.00247094898846723,0.011632301939266574,0.21836799509799013,0.07904752112186147,0.21836799509799015,0.07904752112186147,0.013121690313038937,0.02101771632702599,0.010232805714942504
bank_uci,logistic_regression,ExponentiatedGradient_DP,job_group,required,30,0.9001173423970219,0.0020264836980862615,0.669716661379331,0.028879063288443578,0.22428160919540227,0.014681960083411192,0.3357522950089574,0.017759612562611566,-0.007768398433747618,0.003637885954733178,0.8168292069285651,0.08153662851581439,-0.019102053982868215,0.021558348703137456,-0.010808885239050195,0.011146633113515715,0.0584487630487273,0.0224021069048252,0.05844876304872732,0.022402106904825192,0.007931202810480199,0.024892546712963017,0.013442527542063576
bank_uci,logistic_regression,ExponentiatedGradient_EO,age_group,required,30,0.8981751234118314,0.0015381315205374208,0.7003631808806923,0.030614846376628983,0.16846264367816086,0.011429819651375689,0.27138072458478324,0.015484843187990881,0.025886208092798946,0.005486998258072967,2.1841520618429104,0.2614925566573517,0.01886215515084866,0.028206918964129878,0.014438744485367517,0.01439417815184614,0.3127402381154569,0.07440144847313869,0.3127402381154569,0.0744014484731387,0.025886208092798946,0.025153727406359676,0.015768955119758576
bank_uci,logistic_regression,ExponentiatedGradient_EO,job_group,required,30,0.8999069353402931,0.0018726075255692607,0.665915570583808,0.026992667930147755,0.22442528735632183,0.01474781140892921,0.335407453841532,0.017349807373411234,-0.0067264027826567435,0.00411396153952624,0.8418551182749533,0.09292856733623062,-0.015067233645012963,0.022869546092005255,-0.008462175072140388,0.012051655164250429,0.052653568734512754,0.022464912345522246,0.05265356873451275,0.022464912345522236,0.007119744632613457,0.022613237858781977,0.012045479426084896
bank_uci,logistic_regression,baseline,age_group,required,30,0.9001011572388119,0.002013251827851359,0.668497534634271,0.028342009673796867,0.2251795977011494,0.014713970159304163,0.3366068330085848,0.01774383547518142,0.05259684954420636,0.005741689950129987,2.9196169388888493,0.20225003893718826,0.08639150493489585,0.02668212929753989,0.05508683488072322,0.013382810581025634,0.5284230320621685,0.05994282690844156,0.5284230320621685,0.059942826908441556,0.05259684954420636,0.08639150493489585,0.05508683488072322
bank_uci,logistic_regression,baseline,job_group,required,30,0.9001011572388119,0.002013251827851359,0.668497534634271,0.028342009673796867,0.2251795977011494,0.014713970159304163,0.3366068330085848,0.01774383547518142,-0.009594183665004549,0.003010799947101559,0.777938983609729,0.06205900794405936,-0.026161711571377963,0.01875178410161001,-0.014913896426810496,0.009536329041418734,0.06887341832816858,0.02110531895238715,0.0688734183281686,0.021105318952387153,0.009594183665004549,0.028276392803048125,0.015562080454350797
bank_uci,logistic_regression,equalized_odds,age_group,required,30,0.8886016023306629,0.003336441796433691,0.5163639782735905,0.03621729430458608,0.20944683908045975,0.01501566266531293,0.29735482997344176,0.01582658649799969,0.016614641897880682,0.005386371945172008,1.3955289296761677,0.1395640546058287,-0.00045357271496859704,0.03299299415537009,-0.0003642453079179801,0.015748655148397604,0.11242098074714245,0.03527084669142755,0.11242098074714243,0.03527084669142754,0.016614641897880682,0.025365230401950992,0.012175121012570475
bank_uci,logistic_regression,equalized_odds,job_group,required,30,0.8977543092983733,0.002024242557674012,0.6425299070943946,0.031035723535348326,0.20987787356321835,0.019364907081703846,0.3157824721767194,0.022148226470530497,-0.0020040510190654304,0.0041551233703896765,0.9543942726319578,0.10096509084026771,0.004566713481727153,0.03063578656700512,0.0026395851654695307,0.015101010833254104,0.033151101687548715,0.01992303820246623,0.03315110168754873,0.019923038202466235,0.0035615511332757364,0.025484377682586986,0.012614343224488145
bank_uci,logistic_regression,reweighing,age_group,required,30,0.9002872865582261,0.0019455342874780557,0.6826438761566133,0.02934220873603814,0.2151939655172414,0.013852399992673247,0.32698221934812377,0.017208238808045333,0.0476578529822902,0.005448519503526674,2.836998063773893,0.2130291419565786,0.07828032715832468,0.025321324687432253,0.0492920581815945,0.01293225301849621,0.5030570755240259,0.06264938282567145,0.5030570755240258,0.06264938282567144,0.0476578529822902,0.07828032715832468,0.0492920581815945
bank_uci,logistic_regression,reweighing,job_group,required,30,0.9000971109492595,0.0019346173161579343,0.668785106044406,0.027219573025326016,0.22478448275862067,0.01471156614926184,0.3361987703082068,0.017597465480240364,-0.008495850166436024,0.0032384340272149916,0.8011711721129032,0.06757578521187416,-0.02181676731673961,0.019516560889159613,-0.012401808825950102,0.010012064304876698,0.06154726352875902,0.02223191272898777,0.061547263528759034,0.022231912728987755,0.008495850166436024,0.025150377156204648,0.013713998905298525
bank_uci,mlp,baseline,age_group,optional_main_grid_extension,30,0.8998543335761107,0.002670170548724237,0.6522149008246342,0.04526566867210821,0.24428879310344828,0.028979891996605122,0.3536668839370165,0.029151648116098612,0.060796069729930506,0.01059645807444253,3.0124599096675855,0.23129091352539718,0.10047606017241067,0.027422759684798313,0.06484232470321112,0.01510482808717057,0.5596435910682843,0.06583672292219979,0.5596435910682843,0.0658367229221998,0.060796069729930506,0.10047606017241067,0.06484232470321112
bank_uci,mlp,baseline,job_group,optional_main_grid_extension,30,0.8998543335761107,0.002670170548724237,0.6522149008246342,0.04526566867210821,0.24428879310344828,0.028979891996605122,0.3536668839370165,0.029151648116098612,-0.008637920232295822,0.004039249285491382,0.8166404462082746,0.0775190143614605,-0.017931731709388388,0.025508717731243725,-0.01063650288408373,0.013086897693543953,0.05894171608417101,0.02171754095091226,0.058941716084171,0.021717540950912252,0.008798989277750947,0.02604429517818715,0.014185792601621417
bank_uci,mlp,equalized_odds,age_group,optional_main_grid_extension,30,0.8867807720320465,0.005247930455680637,0.503900799178261,0.05060448973766031,0.22819683908045976,0.03472538763868537,0.3107511094930294,0.027550000982461798,0.018356870456966646,0.0073420773849000726,1.3830023835011465,0.13550073973496024,-0.0038716526652942656,0.03515396257240387,-0.0015243496533354436,0.01764482485155901,0.11091072464307754,0.03551145272783873,0.11091072464307755,0.035511452727838726,0.018356870456966646,0.028135531559918582,0.014148113054278393
bank_uci,mlp,equalized_odds,job_group,optional_main_grid_extension,30,0.8974265598446224,0.002080894097714898,0.6244694741027286,0.037554362550810516,0.2330459770114942,0.039133192402070395,0.33660760830723413,0.03800231835840901,-0.002140483450045808,0.004289101118765215,0.9522569216597698,0.09044981716406551,0.004781736539575763,0.029106403074085394,0.0028190526207407616,0.014495865258090618,0.029848809930026914,0.019090794093557486,0.029848809930026914,0.019090794093557493,0.0035341130182816676,0.024553379974584014,0.012276927469722811
bank_uci,mlp,reweighing,age_group,optional_main_grid_extension,30,0.8871854009872947,0.00574086874493596,0.5048581741604103,0.05163441538880913,0.26390086206896546,0.032149168272504365,0.34426390712441307,0.027683303245770022,0.06390802425310467,0.012826876972789648,2.3878443050701597,0.28143329293790376,0.08225021200387696,0.0347799053618924,0.059152176827137026,0.019501001451419944,0.39828867953856956,0.08149346509363399,0.39828867953856956,0.08149346509363395,0.06390802425310467,0.08225021200387696,0.059152176827137026
bank_uci,mlp,reweighing,job_group,optional_main_grid_extension,30,0.8852229505543416,0.007103034499503525,0.49352113523855273,0.062428998113119326,0.28308189655172417,0.028569387260196175,0.3566791131485449,0.01997857504386073,-0.009859126969549364,0.006316122178055375,0.8623985882669719,0.08638792349383,-0.02249111629422079,0.03217124498365528,-0.013170713173836618,0.016450892441551415,0.05049406714970579,0.025118290628990857,0.05049406714970581,0.02511829062899086,0.010128442194435382,0.03267041035005549,0.017841546194238646
bank_uci,random_forest,ExponentiatedGradient_DP,age_group,required,30,0.8821194464675892,0.0021047721112881592,0.4565416416498501,0.016759804167117094,0.24288793103448275,0.013290196409208956,0.31691492739362165,0.013716672910999914,0.04342964888000809,0.00754535140202222,1.8534128625812853,0.17241162810746,0.037683368576294694,0.03070275612943308,0.030051894537073864,0.01554191650806033,0.24201708492331722,0.05169526832138334,0.24201708492331725,0.05169526832138334,0.04342964888000809,0.04100862368677575,0.030217204545199865
bank_uci,random_forest,ExponentiatedGradient_EO,age_group,required,30,0.8838836287124707,0.0022984808689709957,0.4759794149416775,0.01562290455822457,0.3011135057471265,0.012664095137303393,0.36870383335248924,0.011919812771773165,0.07165118710016194,0.008205731043739659,2.2630440037843633,0.1711786970542903,0.0959333182445238,0.03279360777899272,0.06779215366431954,0.017413164819535015,0.37460516569834196,0.05502703832442051,0.37460516569834196,0.05502703832442051,0.07165118710016194,0.0959333182445238,0.06779215366431954
bank_uci,random_forest,baseline,age_group,required,30,0.8855264222707778,0.0024693765985503917,0.4875582418253899,0.01698910168023678,0.3100574712643678,0.015207632338220218,0.3788466868538905,0.01407739575811586,0.08086444889302476,0.008146423047359104,2.4624794852149194,0.17354391486834256,0.11446758858485238,0.03435190856677069,0.08033873103493556,0.017850883845034825,0.43453756343193306,0.055518280053415386,0.43453756343193306,0.055518280053415386,0.08086444889302476,0.11446758858485238,0.08033873103493556
bank_uci,random_forest,baseline,job_group,required,30,0.8855264222707778,0.0024693765985503917,0.4875582418253899,0.01698910168023678,0.3100574712643678,0.015207632338220218,0.3788466868538905,0.01407739575811586,-0.014480261852163384,0.004019140446132495,0.817751919675658,0.04829855842650284,-0.03211367636397119,0.019408151807621028,-0.01975194394773786,0.00962381643734659,0.06250246708306736,0.016799268731291638,0.06250246708306738,0.016799268731291638,0.014480261852163384,0.033353503966800466,0.019928022188963664
bank_uci,random_forest,equalized_odds,age_group,required,30,0.866274176580076,0.007307522678130325,0.3816779142842195,0.02575941947836465,0.2931393678160919,0.02357220977718988,0.3303659416659837,0.014131458752605054,0.02118142121669814,0.007790812474739793,1.25970667238492,0.09412312410813513,0.0050389707586859685,0.044426103658757286,0.0020043286308231434,0.02176921345127505,0.08364719791677414,0.028708026518067902,0.08364719791677416,0.02870802651806791,0.02118142121669814,0.035928623336362264,0.017772074729116363
bank_uci,random_forest,equalized_odds,job_group,required,30,0.8828032694019586,0.003210809424326754,0.4681392992824068,0.022643554955362896,0.290625,0.020801350643632952,0.35816387135715455,0.018434820927537787,-0.0029384444623875463,0.004885356444473003,0.9628576070158485,0.06647680143696376,0.0028349540003772666,0.034764981183371464,0.0018401012687241497,0.016492797136777784,0.027884024566175787,0.013602989261621326,0.0278840245661758,0.013602989261621333,0.004879358540074905,0.0270696356931608,0.012817316924213729
bank_uci,random_forest,reweighing,age_group,required,30,0.8848992473901433,0.0023785945738378613,0.483192155281499,0.01627088318026507,0.3085129310344828,0.015286984619459348,0.37638156451540866,0.01410897851862764,0.07820718152571124,0.008185263196219508,2.393168197809392,0.16498134359483727,0.1101787216784768,0.030277850204937833,0.07711484532439017,0.01621505931547335,0.4146672365844926,0.052007889922092695,0.4146672365844926,0.052007889922092695,0.07820718152571124,0.1101787216784768,0.07711484532439017
bank_uci,random_forest,reweighing,job_group,required,30,0.8854576353483855,0.0024679598443738,0.4871251346657563,0.01701352220748746,0.30833333333333335,0.0148554775513684,0.3773955825724546,0.013301115450957484,-0.01376373179449339,0.004824246209584006,0.825930735200872,0.05802611127946768,-0.030829251527057778,0.025030989999658464,-0.018798623180244348,0.012466565115502879,0.06036925021405203,0.020402714810019346,0.06036925021405204,0.020402714810019346,0.01376373179449339,0.03392830899497409,0.019715695267612614
bank_uci,xgboost,baseline,age_group,optional_main_grid_extension,30,0.90050578619406,0.0019939784553998493,0.6371774183354737,0.02366524994597804,0.27227011494252873,0.013448134533338721,0.3812597469574568,0.014598033603182051,0.06920097542860894,0.008397399355866968,3.023025600080091,0.27258548717447195,0.11348466101937486,0.03550092495824413,0.07382526797613731,0.018700540184513184,0.5698841261260531,0.08085704311723217,0.5698841261260531,0.08085704311723219,0.06920097542860894,0.11348466101937486,0.07382526797613731
bank_uci,xgboost,baseline,job_group,optional_main_grid_extension,30,0.90050578619406,0.0019939784553998493,0.6371774183354737,0.02366524994597804,0.27227011494252873,0.013448134533338721,0.3812597469574568,0.014598033603182051,-0.009036987597045824,0.004102396202699837,0.8309927172951291,0.07109587280056771,-0.021235967981289256,0.024159854941025728,-0.012081218919958052,0.012265753077283682,0.05475481507019108,0.022922908533005697,0.0547548150701911,0.022922908533005694,0.009036987597045824,0.026505279848207226,0.01446971013064052
bank_uci,xgboost,equalized_odds,age_group,optional_main_grid_extension,30,0.8837379622885811,0.0046232978891574995,0.47293879018439827,0.03694401566743959,0.2513649425287356,0.015748309847591572,0.3274736644756434,0.015425441163081177,0.020027358863382146,0.007220036832904886,1.3634193233054963,0.1442560482454487,0.00250574646807293,0.03108269923122778,0.00116601500955234,0.016275490684907086,0.10510048018088396,0.04046760712265772,0.10510048018088396,0.040467607122657706,0.020027358863382146,0.024494905792260217,0.012460332762397271
bank_uci,xgboost,equalized_odds,job_group,optional_main_grid_extension,30,0.8974346524237276,0.002808168777516327,0.604823965942304,0.030340565912041182,0.2600215517241379,0.02263576786296578,0.36309716817251303,0.02412333996883168,-0.002700752805809811,0.005330452485709697,0.9518897610883436,0.10228452932542058,-0.0009782942598331736,0.03195993535235227,0.00020597622616770687,0.0158371569872264,0.03279221128454768,0.01980890030951764,0.0327922112845477,0.01980890030951764,0.004568952898261784,0.025174755806578065,0.012711488791651654
bank_uci,xgboost,reweighing,age_group,optional_main_grid_extension,30,0.90053815651048,0.0025221066948828987,0.6534729492372333,0.030647186685189468,0.24989224137931035,0.0149912877288059,0.3613138834640514,0.01858844448792689,0.05511823262321525,0.006687964454688284,2.7232982039571114,0.22586801375371335,0.08005314961347111,0.029015906143253,0.05283058500510843,0.015019449418268167,0.47782504279972654,0.0669667421817855,0.47782504279972654,0.06696674218178551,0.05511823262321525,0.08005314961347111,0.05283058500510843
bank_uci,xgboost,reweighing,job_group,optional_main_grid_extension,30,0.9008294893582586,0.0023063813731417876,0.6445465689598362,0.027507033702592984,0.2678879310344827,0.014857813360670246,0.37818765242762514,0.01669898719339882,-0.007544804909197725,0.004136873676864508,0.853433061515296,0.07637581739983064,-0.018664894624738367,0.02264266267469226,-0.010143531596666356,0.011476064059269625,0.04780188638829314,0.023982073036446932,0.047801886388293156,0.023982073036446932,0.007594796137789563,0.023830479867628814,0.012151984760344675
